,Store,StoreType,Assortment,CompetitionDistance,CompetitionOpenSinceMonth,CompetitionOpenSinceYear,Promo2,Promo2SinceWeek,Promo2SinceYear,PromoInterval,Sales_avg_store
0,1,c,a,1270.0,9.0,2008.0,0,,,,4792.867256637193
1,2,a,a,570.0,11.0,2007.0,1,13.0,2010.0,"Jan,Apr,Jul,Oct",4875.617067833727
2,3,a,a,14130.0,12.0,2006.0,1,14.0,2011.0,"Jan,Apr,Jul,Oct",6910.3303571428205
3,4,c,c,620.0,9.0,2009.0,0,,,,9420.184444444343
4,5,a,a,29910.0,4.0,2015.0,0,,,,4644.287581699391
5,6,a,a,310.0,12.0,2013.0,0,,,,5865.226164079767
6,7,a,c,24000.0,4.0,2013.0,0,,,,8621.621681415882
7,8,a,a,7520.0,10.0,2014.0,0,,,,5115.035794183472
8,9,a,c,2030.0,8.0,2000.0,0,,,,6032.762114537421
9,10,a,a,3160.0,9.0,2009.0,0,,,,5438.208888888856
10,11,a,c,960.0,11.0,2011.0,1,1.0,2012.0,"Jan,Apr,Jul,Oct",7941.2725225225595
11,12,a,c,1070.0,,,1,13.0,2010.0,"Jan,Apr,Jul,Oct",7380.607929515304
12,13,d,a,310.0,,,1,45.0,2009.0,"Feb,May,Aug,Nov",4946.405213270158
13,14,a,a,1300.0,3.0,2014.0,1,40.0,2011.0,"Jan,Apr,Jul,Oct",5452.376940133049
14,15,d,c,4110.0,3.0,2010.0,1,14.0,2011.0,"Jan,Apr,Jul,Oct",6473.613186813093
15,16,a,c,3270.0,,,0,,,,7431.8921348313825
16,17,a,a,50.0,12.0,2005.0,1,26.0,2010.0,"Jan,Apr,Jul,Oct",6257.898230088437
17,18,d,c,13840.0,6.0,2010.0,1,14.0,2012.0,"Jan,Apr,Jul,Oct",6251.002207505518
18,19,a,c,3240.0,,,1,22.0,2011.0,"Mar,Jun,Sept,Dec",6213.475663716872
19,20,d,a,2340.0,5.0,2009.0,1,40.0,2014.0,"Jan,Apr,Jul,Oct",7533.670644391353
20,21,c,c,550.0,10.0,1999.0,1,45.0,2009.0,"Jan,Apr,Jul,Oct",5348.180616740127
21,22,a,a,1040.0,,,1,22.0,2012.0,"Jan,Apr,Jul,Oct",4461.3056872038005
22,23,d,a,4060.0,8.0,2005.0,0,,,,5490.898190045263
23,24,a,c,4590.0,3.0,2000.0,1,40.0,2011.0,"Jan,Apr,Jul,Oct",9021.319101123529
24,25,c,a,430.0,4.0,2003.0,0,,,,11295.341232227413
25,26,d,a,2300.0,,,0,,,,6477.221238938127
26,27,a,a,60.0,1.0,2005.0,1,5.0,2011.0,"Jan,Apr,Jul,Oct",9278.838495575195
27,28,a,a,1200.0,10.0,2014.0,1,6.0,2015.0,"Mar,Jun,Sept,Dec",5488.812080536959
28,29,d,c,2170.0,,,0,,,,6809.03964757699
29,30,a,a,40.0,2.0,2014.0,1,10.0,2014.0,"Mar,Jun,Sept,Dec",5668.827981651327
30,31,d,c,9800.0,7.0,2012.0,0,,,,5778.421978021973
31,32,a,a,2910.0,,,1,45.0,2009.0,"Feb,May,Aug,Nov",4037.5480093676633
32,33,a,c,1320.0,5.0,2013.0,0,,,,8421.158013544044
33,34,c,a,2240.0,9.0,2009.0,0,,,,7938.152173913078
34,35,d,c,7660.0,10.0,2000.0,1,1.0,2012.0,"Jan,Apr,Jul,Oct",9172.522321428534
35,36,a,c,540.0,6.0,2003.0,1,40.0,2014.0,"Jan,Apr,Jul,Oct",9220.31666666672
36,37,c,a,4230.0,12.0,2014.0,0,,,,7206.624444444544
37,38,d,a,1090.0,4.0,2007.0,0,,,,5895.56607929521
38,39,a,a,260.0,10.0,2006.0,1,31.0,2013.0,"Feb,May,Aug,Nov",4664.398249452936
39,40,a,a,180.0,,,1,45.0,2009.0,"Feb,May,Aug,Nov",5038.883720930208
40,41,d,c,1180.0,,,1,31.0,2013.0,"Jan,Apr,Jul,Oct",5069.997652582186
41,42,a,c,290.0,,,1,40.0,2011.0,"Jan,Apr,Jul,Oct",9901.936542669579
42,43,d,a,4880.0,,,1,37.0,2009.0,"Jan,Apr,Jul,Oct",6965.159909909956
43,44,a,a,540.0,6.0,2011.0,0,,,,5436.119369369427
44,45,d,a,9710.0,2.0,2014.0,0,,,,5305.56473214285
45,46,c,a,1200.0,9.0,2005.0,1,14.0,2011.0,"Jan,Apr,Jul,Oct",5283.427184465982
46,47,a,c,270.0,4.0,2013.0,1,14.0,2013.0,"Jan,Apr,Jul,Oct",6853.272930648739
47,48,a,a,1060.0,5.0,2012.0,0,,,,4093.865800865767
48,49,d,c,18010.0,9.0,2007.0,0,,,,6988.083521444722
49,50,d,a,6260.0,11.0,2009.0,0,,,,4171.125560538118
50,51,a,c,10570.0,7.0,2013.0,1,9.0,2011.0,"Jan,Apr,Jul,Oct",6494.790476190421
51,52,d,c,450.0,4.0,2014.0,1,39.0,2010.0,"Jan,Apr,Jul,Oct",7706.775413711558
52,53,a,c,30360.0,9.0,2013.0,0,,,,5096.0
53,54,d,c,7170.0,8.0,2014.0,1,5.0,2013.0,"Feb,May,Aug,Nov",7815.280623607932
54,55,a,a,720.0,11.0,2004.0,0,,,,4284.310961968718
55,56,d,c,6620.0,3.0,2012.0,1,10.0,2014.0,"Mar,Jun,Sept,Dec",6775.9441964286125
56,57,d,c,420.0,6.0,2014.0,0,,,,11522.905829596348
57,58,a,c,7340.0,5.0,2008.0,1,27.0,2012.0,"Jan,Apr,Jul,Oct",6022.860849056543
58,59,a,c,2840.0,6.0,2007.0,1,14.0,2011.0,"Jan,Apr,Jul,Oct",5468.909090909143
59,60,d,c,5540.0,10.0,2009.0,0,,,,7586.246724890892
60,61,a,c,350.0,12.0,2007.0,1,1.0,2012.0,"Jan,Apr,Jul,Oct",4437.827740492151
61,62,a,a,2050.0,,,0,,,,6394.956236323816
62,63,c,c,3700.0,6.0,2010.0,1,18.0,2010.0,"Feb,May,Aug,Nov",6655.04666666674
63,64,d,c,22560.0,,,1,14.0,2013.0,"Jan,Apr,Jul,Oct",9847.17342342343
64,65,a,c,13840.0,5.0,2010.0,1,1.0,2012.0,"Jan,Apr,Jul,Oct",5014.421875
65,66,d,a,7660.0,,,1,37.0,2009.0,"Jan,Apr,Jul,Oct",6023.288888888898
66,67,a,c,410.0,2.0,2006.0,0,,,,7679.05066079285
67,68,a,c,250.0,,,1,35.0,2012.0,"Mar,Jun,Sept,Dec",7276.560706401717
68,69,c,c,1130.0,,,1,40.0,2011.0,"Jan,Apr,Jul,Oct",9600.049327354242
69,70,c,c,4840.0,,,0,,,,6520.453563714872
70,71,a,a,17500.0,8.0,2008.0,1,37.0,2009.0,"Mar,Jun,Sept,Dec",8932.525842696521
71,72,a,a,2200.0,12.0,2009.0,1,13.0,2010.0,"Jan,Apr,Jul,Oct",4436.990632318467
72,73,a,c,1650.0,9.0,2008.0,0,,,,4449.7454954954355
73,74,a,a,330.0,,,0,,,,6201.201754386037
74,75,d,c,22440.0,12.0,2013.0,0,,,,5860.195555555604
75,76,d,c,19960.0,3.0,2006.0,0,,,,8842.186157517981
76,77,d,c,1090.0,8.0,2009.0,1,10.0,2014.0,"Jan,Apr,Jul,Oct",7390.901345291544
77,78,a,a,3510.0,11.0,2006.0,1,5.0,2013.0,"Feb,May,Aug,Nov",3648.9887892376273
78,79,a,a,3320.0,,,0,,,,5358.729670329638
79,80,d,a,7910.0,,,0,,,,7435.959550561842
80,81,a,a,2370.0,3.0,2011.0,1,40.0,2014.0,"Jan,Apr,Jul,Oct",6818.993055555513
81,82,a,a,22390.0,4.0,2008.0,1,37.0,2009.0,"Jan,Apr,Jul,Oct",8886.217294900289
82,83,a,a,2710.0,,,0,,,,3805.4513274335955
83,84,a,c,11810.0,8.0,2014.0,0,,,,12698.146993318556
84,85,b,a,1870.0,10.0,2011.0,0,,,,7189.968864468859
85,86,a,a,480.0,2.0,2005.0,1,31.0,2013.0,"Jan,Apr,Jul,Oct",4645.554809843376
86,87,a,a,560.0,12.0,2010.0,0,,,,5871.966367713055
87,88,a,a,10690.0,10.0,2005.0,0,,,,5970.893805309693
88,89,a,a,2380.0,7.0,2004.0,1,40.0,2014.0,"Jan,Apr,Jul,Oct",5893.878859857531
89,90,a,a,330.0,11.0,2007.0,0,,,,8293.685968819598
90,91,c,a,2410.0,,,1,35.0,2011.0,"Jan,Apr,Jul,Oct",5902.27753303959
91,92,c,a,240.0,,,1,45.0,2009.0,"Feb,May,Aug,Nov",5715.278651685425
92,93,a,a,16690.0,,,1,14.0,2011.0,"Jan,Apr,Jul,Oct",5970.292134831519
93,94,d,c,14620.0,,,0,,,,6912.940133037631
94,95,a,a,1890.0,10.0,2014.0,0,,,,7852.792494481323
95,96,a,a,8780.0,2.0,2005.0,1,37.0,2009.0,"Jan,Apr,Jul,Oct",5028.277777777813
96,97,d,c,8980.0,,,0,,,,6514.326576576569
97,98,d,c,15140.0,12.0,2006.0,1,1.0,2012.0,"Jan,Apr,Jul,Oct",4838.674208144797
98,99,c,c,2030.0,11.0,2003.0,1,22.0,2012.0,"Mar,Jun,Sept,Dec",4871.659523809511
99,100,d,a,17930.0,,,0,,,,7848.265508684818
100,101,d,c,2440.0,,,1,22.0,2012.0,"Mar,Jun,Sept,Dec",7206.456375838839
101,102,a,a,150.0,12.0,2007.0,1,10.0,2014.0,"Mar,Jun,Sept,Dec",6950.292134831541
102,103,d,c,5210.0,5.0,2015.0,0,,,,4532.213815789485
103,104,a,a,390.0,6.0,2009.0,0,,,,9999.671111111187
104,105,a,c,6190.0,,,1,23.0,2013.0,"Mar,Jun,Sept,Dec",4055.179906542
105,106,a,a,1390.0,8.0,2013.0,0,,,,8564.904872389823
106,107,a,a,1930.0,9.0,2009.0,0,,,,7119.429530201387
107,108,d,c,2190.0,9.0,2003.0,0,,,,10493.348668280965
108,109,a,c,3300.0,11.0,2010.0,0,,,,6288.3758389260975
109,110,a,c,46590.0,4.0,2013.0,0,,,,4554.254859611238
110,111,d,c,7890.0,,,1,37.0,2009.0,"Jan,Apr,Jul,Oct",6702.656884875743
111,112,a,a,1630.0,9.0,2009.0,0,,,,6159.512195121962
112,113,d,c,20930.0,11.0,1999.0,0,,,,7694.6443914081665
113,114,c,a,4510.0,,,1,48.0,2011.0,"Mar,Jun,Sept,Dec",5305.838565022376
114,115,d,c,5740.0,4.0,2007.0,1,40.0,2014.0,"Jan,Apr,Jul,Oct",7077.261904761997
115,116,a,a,680.0,4.0,2013.0,0,,,,7268.276169265065
116,117,a,a,3450.0,9.0,2011.0,0,,,,3849.495412844016
117,118,d,c,3580.0,9.0,2012.0,0,,,,7387.919213973829
118,119,a,c,2100.0,2.0,2010.0,0,,,,5907.501113585692
119,120,d,a,2290.0,12.0,2014.0,1,37.0,2009.0,"Jan,Apr,Jul,Oct",7110.5
120,121,a,a,3570.0,11.0,2009.0,1,36.0,2013.0,"Mar,Jun,Sept,Dec",4427.455555555561
121,122,a,c,58260.0,4.0,2013.0,0,,,,6286.72709551651
122,123,a,a,16760.0,9.0,2011.0,0,,,,8311.773420479232
123,124,a,a,1410.0,4.0,2003.0,0,,,,4292.647450110874
124,125,a,a,760.0,12.0,2005.0,0,,,,11776.641083521528
125,126,d,a,3370.0,10.0,2014.0,1,18.0,2011.0,"Feb,May,Aug,Nov",7098.130337078614
126,127,d,a,1350.0,12.0,2005.0,1,13.0,2010.0,"Jan,Apr,Jul,Oct",5165.794871794859
127,128,d,c,2000.0,,,1,1.0,2013.0,"Jan,Apr,Jul,Oct",6893.852017937227
128,129,a,a,2460.0,,,1,14.0,2011.0,"Jan,Apr,Jul,Oct",9327.445754717031
129,130,c,a,900.0,,,1,13.0,2010.0,"Jan,Apr,Jul,Oct",5049.846846846861
130,131,c,a,920.0,7.0,2015.0,0,,,,5443.788288288285
131,132,d,c,1040.0,,,1,27.0,2012.0,"Jan,Apr,Jul,Oct",5853.704918032828
132,133,a,a,270.0,8.0,2013.0,1,10.0,2014.0,"Mar,Jun,Sept,Dec",6526.192393735989
133,134,a,a,1200.0,9.0,2008.0,0,,,,4741.320796460204
134,135,d,a,5190.0,,,1,1.0,2013.0,"Jan,Apr,Jul,Oct",5787.7250554324055
135,136,a,c,2200.0,12.0,2010.0,1,22.0,2012.0,"Feb,May,Aug,Nov",5463.435835351101
136,137,a,a,1730.0,7.0,2015.0,1,40.0,2014.0,"Jan,Apr,Jul,Oct",8150.443396226477
137,138,a,c,25360.0,10.0,2014.0,0,,,,7034.756521739088
138,139,a,a,1700.0,1.0,2008.0,1,14.0,2011.0,"Jan,Apr,Jul,Oct",6407.292978208184
139,140,a,c,1090.0,7.0,2010.0,1,1.0,2013.0,"Jan,Apr,Jul,Oct",7304.704697986596
140,141,c,c,1540.0,,,1,22.0,2012.0,"Mar,Jun,Sept,Dec",5487.180180180222
141,142,a,a,1090.0,7.0,2002.0,0,,,,4595.840807174843
142,143,d,a,2930.0,12.0,2002.0,0,,,,6033.827272727263
143,144,a,c,16570.0,,,0,,,,7819.770142180025
144,145,a,a,280.0,,,1,45.0,2009.0,"Feb,May,Aug,Nov",8564.184079601953
145,146,d,c,8050.0,10.0,1961.0,1,48.0,2012.0,"Jan,Apr,Jul,Oct",7464.231788079368
146,147,d,c,8540.0,,,0,,,,8048.521640091177
147,148,a,a,2090.0,12.0,2008.0,0,,,,8483.67857142856
148,149,d,a,2610.0,7.0,2006.0,1,14.0,2011.0,"Jan,Apr,Jul,Oct",5579.447058823466
149,150,c,c,31830.0,3.0,2010.0,0,,,,8039.320261437873
150,151,d,c,4360.0,10.0,2005.0,0,,,,6488.533783783704
151,152,a,a,1780.0,,,0,,,,5459.147902869741
152,153,a,a,16240.0,10.0,2000.0,1,18.0,2011.0,"Feb,May,Aug,Nov",7232.946428571386
153,154,d,c,16420.0,,,0,,,,8455.957871396948
154,155,d,a,3050.0,,,1,35.0,2010.0,"Jan,Apr,Jul,Oct",6784.364485981376
155,156,a,a,2020.0,2.0,2011.0,1,14.0,2011.0,"Mar,Jun,Sept,Dec",6942.183982683912
156,157,a,c,2950.0,10.0,2004.0,0,,,,9568.17897091715
157,158,d,c,11840.0,,,1,31.0,2009.0,"Feb,May,Aug,Nov",7989.404867256583
158,159,d,a,8530.0,3.0,2013.0,0,,,,7735.761792452894
159,160,d,c,17110.0,11.0,2005.0,0,,,,5670.354625550601
160,161,a,c,2970.0,3.0,2005.0,0,,,,7076.715555555624
161,162,d,c,5340.0,3.0,2012.0,1,13.0,2010.0,"Jan,Apr,Jul,Oct",7608.895555555474
162,163,a,a,1480.0,4.0,2009.0,0,,,,7603.7296703296015
163,164,a,a,1160.0,9.0,2005.0,1,13.0,2010.0,"Jan,Apr,Jul,Oct",6076.26823529414
164,165,a,a,3720.0,4.0,2005.0,1,13.0,2010.0,"Jan,Apr,Jul,Oct",4011.338983050825
165,166,a,c,100.0,4.0,2014.0,1,31.0,2013.0,"Jan,Apr,Jul,Oct",5932.44071588372
166,167,a,a,140.0,4.0,2008.0,0,,,,8925.420479302857
167,168,a,a,12540.0,,,0,,,,7411.720090293415
168,169,d,a,980.0,7.0,2014.0,1,18.0,2014.0,"Feb,May,Aug,Nov",7898.6488888888525
169,170,a,a,1070.0,5.0,2015.0,1,14.0,2011.0,"Jan,Apr,Jul,Oct",5118.563876651999
170,171,a,a,2640.0,,,0,,,,8361.19463087246
171,172,a,a,110.0,,,1,40.0,2014.0,"Jan,Apr,Jul,Oct",6908.2890995261005
172,173,a,a,350.0,12.0,2012.0,0,,,,8324.674832962119
173,174,a,a,13090.0,,,1,22.0,2012.0,"Jan,Apr,Jul,Oct",5823.2815533980165
174,175,c,a,4130.0,,,0,,,,5630.63228699553
175,176,a,a,3770.0,,,0,,,,5281.084632516713
176,177,a,a,1250.0,2.0,2004.0,1,5.0,2013.0,"Feb,May,Aug,Nov",4016.7941176470454
177,178,d,a,1710.0,,,0,,,,9784.686800894917
178,179,a,c,480.0,,,0,,,,7065.684210526294
179,180,d,a,5800.0,9.0,2010.0,0,,,,7186.253333333389
180,181,a,a,12610.0,3.0,2013.0,1,14.0,2011.0,"Jan,Apr,Jul,Oct",6498.33091787436
181,182,d,c,1390.0,,,1,9.0,2011.0,"Mar,Jun,Sept,Dec",5017.026845637577
182,183,a,a,9670.0,,,0,,,,4665.240000000028
183,184,d,c,3560.0,,,0,,,,6577.77628635339
184,185,d,c,1860.0,5.0,2015.0,0,,,,6931.596412556126
185,186,a,a,290.0,10.0,2011.0,1,40.0,2014.0,"Jan,Apr,Jul,Oct",3694.22946859901
186,187,a,c,19360.0,,,0,,,,6173.170731707362
187,188,d,a,850.0,,,1,18.0,2011.0,"Feb,May,Aug,Nov",4739.520971302411
188,189,d,a,5760.0,7.0,2014.0,0,,,,8867.65265486725
189,190,a,a,1470.0,12.0,2006.0,1,40.0,2014.0,"Jan,Apr,Jul,Oct",6973.145933014342
190,191,a,a,1100.0,8.0,2013.0,1,40.0,2014.0,"Jan,Apr,Jul,Oct",6862.812195121905
191,192,d,c,2770.0,3.0,2008.0,1,40.0,2014.0,"Jan,Apr,Jul,Oct",7442.964114832593
192,193,a,a,520.0,,,0,,,,5348.512304250606
193,194,d,c,16970.0,,,1,5.0,2013.0,"Feb,May,Aug,Nov",4672.258426966295
194,195,a,c,220.0,,,0,,,,10575.457330415878
195,196,c,a,3850.0,11.0,2005.0,1,14.0,2011.0,"Jan,Apr,Jul,Oct",5142.598214285753
196,197,c,a,4210.0,3.0,2015.0,0,,,,6771.935982339992
197,198,a,a,290.0,9.0,2002.0,1,13.0,2010.0,"Jan,Apr,Jul,Oct",2901.630769230733
198,199,d,c,6360.0,12.0,2010.0,1,14.0,2012.0,"Mar,Jun,Sept,Dec",7591.057395143443
199,200,a,a,1650.0,10.0,2000.0,0,,,,7670.164444444357
200,201,d,a,20260.0,,,1,18.0,2014.0,"Mar,Jun,Sept,Dec",5128.995584988966
201,202,d,c,5140.0,5.0,2010.0,0,,,,5776.571111111086
202,203,c,c,490.0,11.0,2002.0,0,,,,6490.539301310094
203,204,a,a,5630.0,12.0,2002.0,1,40.0,2014.0,"Jan,Apr,Jul,Oct",5396.792362768529
204,205,a,a,110.0,12.0,2007.0,0,,,,6567.070294784509
205,206,a,c,380.0,,,1,14.0,2012.0,"Jan,Apr,Jul,Oct",6692.175946547986
206,207,a,a,6870.0,,,0,,,,11207.920529801382
207,208,c,a,300.0,4.0,2006.0,0,,,,2894.034934497834
208,209,a,c,11680.0,9.0,2011.0,1,31.0,2013.0,"Jan,Apr,Jul,Oct",5501.02600000004
209,210,d,a,970.0,11.0,1999.0,1,5.0,2013.0,"Feb,May,Aug,Nov",3105.5639269406174
210,211,a,c,350.0,11.0,2006.0,0,,,,12766.87885462564
211,212,a,c,15050.0,9.0,2008.0,0,,,,4794.8112359550205
212,213,d,c,4030.0,3.0,2014.0,1,1.0,2014.0,"Jan,Apr,Jul,Oct",7787.131578947411
213,214,d,a,8650.0,7.0,2013.0,1,10.0,2014.0,"Jan,Apr,Jul,Oct",9221.589519650674
214,215,d,a,150.0,,,1,45.0,2009.0,"Feb,May,Aug,Nov",6299.469339622649
215,216,c,a,190.0,,,1,45.0,2009.0,"Feb,May,Aug,Nov",7179.362831858445
216,217,c,a,3150.0,,,0,,,,4583.95067264574
217,218,a,c,640.0,,,1,9.0,2011.0,"Mar,Jun,Sept,Dec",5019.728773584908
218,219,a,a,1640.0,2.0,2013.0,0,,,,3090.4778761062203
219,220,a,a,1000.0,9.0,2008.0,0,,,,4909.771618625283
220,221,d,c,13530.0,9.0,2013.0,0,,,,5542.681318681259
221,222,a,a,2170.0,11.0,2008.0,0,,,,4904.643171806189
222,223,d,c,2920.0,10.0,1995.0,1,27.0,2011.0,"Jan,Apr,Jul,Oct",7199.301310043752
223,224,d,c,7930.0,,,1,1.0,2013.0,"Jan,Apr,Jul,Oct",6168.391111111155
224,225,d,a,10180.0,5.0,2015.0,0,,,,5080.256696428605
225,226,a,a,450.0,,,0,,,,7426.668131868238
226,227,a,a,2370.0,,,0,,,,5668.407079646014
227,228,d,c,10800.0,,,1,18.0,2011.0,"Feb,May,Aug,Nov",7678.762114537433
228,229,d,c,17410.0,4.0,2007.0,1,14.0,2011.0,"Jan,Apr,Jul,Oct",8410.331081081156
229,230,d,c,6680.0,9.0,2013.0,0,,,,7284.245033112473
230,231,d,c,3840.0,10.0,2008.0,1,39.0,2010.0,"Feb,May,Aug,Nov",4633.583138173295
231,232,c,c,13570.0,5.0,2010.0,1,10.0,2013.0,"Mar,Jun,Sept,Dec",3181.3694117646805
232,233,a,a,1890.0,,,0,,,,9338.16043956047
233,234,d,a,4370.0,,,0,,,,10946.265765765698
234,235,a,a,5710.0,3.0,2012.0,1,37.0,2009.0,"Jan,Apr,Jul,Oct",5990.336302895244
235,236,a,a,1000.0,11.0,2007.0,0,,,,6922.797826087007
236,237,a,a,1420.0,11.0,2007.0,0,,,,4421.283185840731
237,238,a,a,320.0,,,1,45.0,2009.0,"Feb,May,Aug,Nov",7646.9116279069385
238,239,d,c,610.0,,,0,,,,4833.412946428603
239,240,a,a,1110.0,5.0,2009.0,0,,,,4722.612200435718
240,241,d,c,780.0,,,0,,,,6386.98039215677
241,242,d,a,6880.0,9.0,2001.0,1,14.0,2011.0,"Jan,Apr,Jul,Oct",4091.5676274944763
242,243,a,a,310.0,,,1,5.0,2013.0,"Feb,May,Aug,Nov",7145.0839160839105
243,244,d,a,710.0,3.0,2012.0,1,1.0,2012.0,"Jan,Apr,Jul,Oct",5089.627802690532
244,245,a,c,1310.0,,,0,,,,8729.937639198259
245,246,c,a,4660.0,4.0,2013.0,0,,,,6991.054229934823
246,247,d,c,70.0,11.0,2010.0,1,5.0,2013.0,"Feb,May,Aug,Nov",8491.936263736316
247,248,a,c,340.0,9.0,2012.0,1,40.0,2012.0,"Jan,Apr,Jul,Oct",8329.537610619409
248,249,d,c,18010.0,9.0,2014.0,0,,,,5104.650442477822
249,250,d,a,3520.0,,,1,18.0,2012.0,"Feb,May,Aug,Nov",8050.308888888916
250,251,a,c,340.0,,,0,,,,18880.057906458755
251,252,d,c,22330.0,,,1,5.0,2010.0,"Feb,May,Aug,Nov",10679.68653421638
252,253,a,c,250.0,,,1,5.0,2013.0,"Feb,May,Aug,Nov",5786.452702702639
253,254,d,a,330.0,3.0,2008.0,1,1.0,2012.0,"Mar,Jun,Sept,Dec",2875.6629464285797
254,255,c,c,4630.0,3.0,2011.0,1,35.0,2011.0,"Feb,May,Aug,Nov",6166.909492273786
255,256,a,c,80.0,9.0,2005.0,1,10.0,2014.0,"Mar,Jun,Sept,Dec",10206.07795100221
256,257,a,a,420.0,12.0,2012.0,0,,,,5470.616407982225
257,258,a,a,27190.0,7.0,2010.0,1,37.0,2009.0,"Jan,Apr,Jul,Oct",5569.287735849113
258,259,b,b,210.0,,,0,,,,10939.412757973814
259,260,a,a,540.0,10.0,2011.0,0,,,,6603.316483516581
260,261,d,c,15340.0,4.0,2015.0,1,39.0,2009.0,"Jan,Apr,Jul,Oct",12680.397260273863
261,262,b,a,1180.0,5.0,2013.0,0,,,,20647.98706099814
262,263,a,c,1140.0,5.0,2013.0,1,40.0,2014.0,"Jan,Apr,Jul,Oct",3426.9762470308424
263,264,a,a,180.0,3.0,2014.0,0,,,,7605.274826789775
264,265,a,a,4580.0,,,1,14.0,2015.0,"Jan,Apr,Jul,Oct",4867.251111111134
265,266,a,c,360.0,3.0,2014.0,1,9.0,2011.0,"Mar,Jun,Sept,Dec",4481.188596491235
266,267,c,a,2460.0,1.0,2012.0,0,,,,9202.627753303963
267,268,a,a,4520.0,2.0,2014.0,0,,,,4824.944071588394
268,269,a,c,60.0,6.0,2015.0,0,,,,9370.31938325987
269,270,a,a,1450.0,7.0,2014.0,0,,,,9064.86830357146
270,271,a,a,420.0,,,1,14.0,2011.0,"Jan,Apr,Jul,Oct",7611.1412803531575
271,272,a,a,16180.0,7.0,2003.0,1,14.0,2011.0,"Jan,Apr,Jul,Oct",6228.936123347972
272,273,a,c,8480.0,,,0,,,,6732.929705215494
273,274,b,b,3640.0,,,1,10.0,2013.0,"Jan,Apr,Jul,Oct",3757.7735849056044
274,275,d,a,300.0,5.0,2014.0,1,40.0,2014.0,"Jan,Apr,Jul,Oct",7672.444444444488
275,276,a,a,2960.0,10.0,2014.0,1,36.0,2013.0,"Mar,Jun,Sept,Dec",4168.29147982064
276,277,d,c,7840.0,,,1,31.0,2009.0,"Feb,May,Aug,Nov",6508.224586288442
277,278,a,c,9260.0,2.0,2010.0,0,,,,7039.990970654536
278,279,d,c,2320.0,,,1,40.0,2012.0,"Jan,Apr,Jul,Oct",8303.323809523732
279,280,d,c,18640.0,9.0,2013.0,1,10.0,2014.0,"Mar,Jun,Sept,Dec",6242.513513513483
280,281,d,c,6970.0,9.0,2011.0,0,,,,5737.680272108868
281,282,a,a,1220.0,12.0,2010.0,0,,,,4388.653061224463
282,283,a,a,2260.0,,,1,40.0,2014.0,"Jan,Apr,Jul,Oct",6959.775903614371
283,284,d,a,1290.0,,,1,40.0,2014.0,"Jan,Apr,Jul,Oct",5284.8076009500655
284,285,a,a,2410.0,,,0,,,,4901.63122171951
285,286,a,a,1460.0,4.0,2015.0,0,,,,5025.954048140007
286,287,c,a,2740.0,5.0,2009.0,1,40.0,2014.0,"Jan,Apr,Jul,Oct",8058.032786885269
287,288,d,a,800.0,,,1,14.0,2011.0,"Mar,Jun,Sept,Dec",5592.914691943176
288,289,d,a,6540.0,12.0,2007.0,0,,,,6427.716853932512
289,290,a,a,4150.0,5.0,2001.0,0,,,,6865.919999999952
290,291,d,a,,,,0,,,,8018.642369020621
291,292,a,a,1100.0,6.0,2009.0,0,,,,5638.782997762815
292,293,c,c,140.0,11.0,2007.0,0,,,,6127.775055679353
293,294,a,a,3150.0,5.0,2005.0,0,,,,5666.035634743942
294,295,a,a,210.0,11.0,2000.0,1,36.0,2013.0,"Mar,Jun,Sept,Dec",5050.339325842742
295,296,a,a,9580.0,5.0,2007.0,1,45.0,2014.0,"Feb,May,Aug,Nov",6836.399563318704
296,297,a,a,2300.0,9.0,2010.0,0,,,,6911.886160714205
297,298,d,a,19840.0,7.0,2009.0,0,,,,8353.478365384559
298,299,d,c,38630.0,9.0,2012.0,0,,,,6019.990079365096
299,300,a,c,120.0,4.0,2009.0,1,1.0,2012.0,"Jan,Apr,Jul,Oct",6743.245614035061
300,301,a,c,4510.0,3.0,2015.0,0,,,,5409.201773835852
301,302,d,c,2190.0,12.0,2007.0,1,9.0,2011.0,"Mar,Jun,Sept,Dec",3606.9777282851137
302,303,a,a,15430.0,11.0,2012.0,1,18.0,2011.0,"Feb,May,Aug,Nov",6186.845977011567
303,304,a,a,1950.0,7.0,2015.0,0,,,,7049.290748898754
304,305,c,c,2470.0,2.0,2005.0,1,31.0,2013.0,"Mar,Jun,Sept,Dec",4753.984198645645
305,306,a,a,5100.0,4.0,2007.0,1,40.0,2014.0,"Jan,Apr,Jul,Oct",4344.35885167465
306,307,a,a,18660.0,9.0,2002.0,0,,,,2671.7807017543823
307,308,a,a,1070.0,12.0,2006.0,1,13.0,2010.0,"Jan,Apr,Jul,Oct",9697.924999999897
308,309,d,a,8740.0,,,1,37.0,2009.0,"Feb,May,Aug,Nov",6895.823660714206
309,310,a,c,2290.0,,,1,10.0,2014.0,"Mar,Jun,Sept,Dec",7859.736030828564
310,311,a,c,680.0,7.0,2005.0,0,,,,6456.657596371941
311,312,d,a,11300.0,3.0,2012.0,0,,,,5502.380313199051
312,313,d,c,14160.0,,,0,,,,7088.538461538492
313,314,a,a,3560.0,10.0,2001.0,1,31.0,2013.0,"Feb,May,Aug,Nov",5109.203991130883
314,315,a,c,38710.0,4.0,2013.0,0,,,,4193.535555555525
315,316,d,a,9000.0,8.0,2001.0,0,,,,9729.136563876646
316,317,d,a,3140.0,7.0,2013.0,1,14.0,2011.0,"Jan,Apr,Jul,Oct",5302.848557692322
317,318,d,c,32330.0,3.0,2014.0,0,,,,7455.764444444358
318,319,a,c,570.0,9.0,2012.0,1,27.0,2012.0,"Mar,Jun,Sept,Dec",7704.552915766807
319,320,a,c,210.0,9.0,2012.0,0,,,,14580.3526785716
320,321,c,c,8140.0,11.0,2013.0,1,10.0,2014.0,"Mar,Jun,Sept,Dec",5814.01376146788
321,322,a,a,17500.0,4.0,2001.0,1,37.0,2009.0,"Jan,Apr,Jul,Oct",4921.573951434844
322,323,d,c,8400.0,4.0,2012.0,1,5.0,2013.0,"Feb,May,Aug,Nov",7107.292951541923
323,324,a,a,13140.0,,,1,14.0,2011.0,"Jan,Apr,Jul,Oct",5695.387527839708
324,325,a,c,350.0,3.0,2011.0,1,22.0,2011.0,"Feb,May,Aug,Nov",6549.517937219704
325,326,d,a,10070.0,5.0,2015.0,1,31.0,2013.0,"Feb,May,Aug,Nov",4755.68918918915
326,327,c,c,1390.0,12.0,2004.0,0,,,,7428.846153846101
327,328,a,a,3130.0,7.0,2002.0,0,,,,4334.995515695045
328,329,a,a,1310.0,6.0,1990.0,1,22.0,2012.0,"Mar,Jun,Sept,Dec",6786.38084632521
329,330,a,c,370.0,,,1,22.0,2012.0,"Mar,Jun,Sept,Dec",4101.794183445167
330,331,a,c,670.0,,,1,14.0,2015.0,"Jan,Apr,Jul,Oct",6514.783185840685
331,332,a,a,1840.0,3.0,2006.0,0,,,,3674.8571428570995
332,333,a,c,3720.0,2.0,2010.0,0,,,,9556.586907449184
333,334,d,c,4040.0,8.0,2008.0,1,18.0,2013.0,"Mar,Jun,Sept,Dec",5430.275784753301
334,335,b,a,90.0,,,1,31.0,2013.0,"Jan,Apr,Jul,Oct",12972.122486288723
335,336,a,a,190.0,7.0,2014.0,0,,,,13953.333333333223
336,337,d,c,10600.0,7.0,2005.0,1,45.0,2014.0,"Feb,May,Aug,Nov",4901.742222222199
337,338,a,c,1590.0,,,1,37.0,2009.0,"Jan,Apr,Jul,Oct",7384.84210526326
338,339,a,c,2280.0,,,1,10.0,2013.0,"Mar,Jun,Sept,Dec",4909.7281323876605
339,340,a,c,8080.0,,,0,,,,6310.355895196545
340,341,a,a,190.0,9.0,2011.0,0,,,,5353.714606741567
341,342,d,c,15770.0,,,1,40.0,2014.0,"Jan,Apr,Jul,Oct",10925.724880382735
342,343,d,a,18650.0,4.0,2004.0,1,14.0,2014.0,"Jan,Apr,Jul,Oct",6875.284424379129
343,344,a,c,300.0,4.0,2011.0,1,14.0,2011.0,"Jan,Apr,Jul,Oct",8188.637969094912
344,345,a,a,120.0,,,1,22.0,2012.0,"Jan,Apr,Jul,Oct",4593.969837587013
345,346,a,c,8090.0,,,0,,,,6505.466230936815
346,347,d,c,9360.0,7.0,2013.0,1,22.0,2012.0,"Mar,Jun,Sept,Dec",4543.0803571428705
347,348,a,a,16490.0,,,1,22.0,2012.0,"Jan,Apr,Jul,Oct",8694.024999999976
348,349,c,c,1490.0,4.0,2009.0,0,,,,7826.744623655896
349,350,d,a,8880.0,,,1,14.0,2011.0,"Jan,Apr,Jul,Oct",6979.774553571386
350,351,a,a,5290.0,11.0,2012.0,1,5.0,2013.0,"Feb,May,Aug,Nov",5889.495495495424
351,352,d,c,6360.0,,,1,40.0,2012.0,"Mar,Jun,Sept,Dec",6644.465783664485
352,353,b,b,900.0,,,1,14.0,2013.0,"Feb,May,Aug,Nov",5165.902621722813
353,354,d,c,1500.0,10.0,2005.0,0,,,,8188.5903890160625
354,355,a,c,9720.0,8.0,2013.0,0,,,,8996.673378076084
355,356,d,c,8970.0,12.0,2007.0,1,22.0,2012.0,"Feb,May,Aug,Nov",5398.1711111110735
356,357,a,a,2060.0,10.0,2008.0,0,,,,7512.690949227305
357,358,a,a,2890.0,10.0,2003.0,0,,,,10168.653421633602
358,359,d,c,4370.0,,,0,,,,6824.689578713945
359,360,a,a,2040.0,6.0,2007.0,0,,,,6864.424836601249
360,361,c,c,4490.0,5.0,2014.0,1,5.0,2013.0,"Feb,May,Aug,Nov",6214.114537444904
361,362,c,c,340.0,,,0,,,,9111.700218818245
362,363,a,a,250.0,9.0,2009.0,0,,,,7016.763796909589
363,364,a,c,13620.0,,,1,10.0,2014.0,"Mar,Jun,Sept,Dec",4313.389400921712
364,365,c,a,2410.0,,,1,45.0,2009.0,"Feb,May,Aug,Nov",5365.038740920066
365,366,d,c,6470.0,12.0,2004.0,0,,,,6071.825221238989
366,367,d,c,2640.0,9.0,2012.0,0,,,,5084.770270270292
367,368,d,c,1450.0,4.0,2005.0,1,45.0,2009.0,"Feb,May,Aug,Nov",9475.68018018018
368,369,d,c,5870.0,4.0,2014.0,0,,,,6985.827050997846
369,370,d,a,8250.0,10.0,2000.0,1,31.0,2009.0,"Jan,Apr,Jul,Oct",7574.191629955986
370,371,d,c,1970.0,7.0,2009.0,1,45.0,2014.0,"Feb,May,Aug,Nov",6880.437923250617
371,372,d,c,4880.0,8.0,2010.0,1,18.0,2014.0,"Jan,Apr,Jul,Oct",8496.206971677564
372,373,d,c,11120.0,,,1,22.0,2012.0,"Jan,Apr,Jul,Oct",4369.929046563187
373,374,a,a,1150.0,9.0,2007.0,0,,,,6928.7588495574955
374,375,a,c,15710.0,2.0,2013.0,1,37.0,2009.0,"Jan,Apr,Jul,Oct",8920.26607538798
375,376,a,a,160.0,8.0,2012.0,0,,,,8469.366742596878
376,377,a,c,100.0,6.0,2010.0,1,18.0,2010.0,"Feb,May,Aug,Nov",7341.142538975465
377,378,a,c,2140.0,8.0,2012.0,0,,,,5857.921171171134
378,379,d,a,6630.0,,,0,,,,3828.718614718633
379,380,a,a,2240.0,5.0,2013.0,1,10.0,2014.0,"Mar,Jun,Sept,Dec",14584.820568927624
380,381,a,a,1800.0,11.0,2006.0,1,5.0,2013.0,"Feb,May,Aug,Nov",8876.971428571347
381,382,c,c,26130.0,11.0,2002.0,0,,,,7886.137697516939
382,383,a,c,350.0,,,0,,,,17335.21917808237
383,384,a,c,130.0,,,1,14.0,2011.0,"Jan,Apr,Jul,Oct",8395.25850340133
384,385,d,a,4580.0,9.0,2007.0,0,,,,7242.75961538454
385,386,d,c,1460.0,4.0,2014.0,1,31.0,2013.0,"Jan,Apr,Jul,Oct",8579.762749445632
386,387,c,a,210.0,,,1,36.0,2013.0,"Mar,Jun,Sept,Dec",9381.165887850408
387,388,a,a,2260.0,,,0,,,,10012.054945055048
388,389,a,c,6690.0,8.0,2011.0,0,,,,9884.321995464996
389,390,a,c,1600.0,4.0,2009.0,0,,,,11410.626398210356
390,391,a,a,460.0,11.0,2014.0,1,31.0,2013.0,"Feb,May,Aug,Nov",5721.212527964254
391,392,a,a,2120.0,,,0,,,,7080.46770601344
392,393,d,c,4820.0,3.0,2008.0,0,,,,5907.78125
393,394,d,a,10850.0,,,0,,,,8105.548532731402
394,395,a,a,3620.0,2.0,2013.0,0,,,,3923.917960088699
395,396,a,c,23130.0,,,0,,,,10048.055432372641
396,397,a,c,130.0,,,1,27.0,2013.0,"Feb,May,Aug,Nov",5288.581655480933
397,398,c,c,1540.0,,,1,1.0,2012.0,"Jan,Apr,Jul,Oct",5329.094922737257
398,399,a,a,5360.0,9.0,2012.0,1,40.0,2011.0,"Jan,Apr,Jul,Oct",5392.58755760364
399,400,a,a,70.0,11.0,2004.0,1,14.0,2011.0,"Jan,Apr,Jul,Oct",8529.793859649119
400,401,a,c,9200.0,10.0,2009.0,1,14.0,2012.0,"Jan,Apr,Jul,Oct",6695.387527839714
401,402,c,c,5830.0,9.0,2011.0,1,13.0,2010.0,"Jan,Apr,Jul,Oct",5725.322510822555
402,403,a,a,4970.0,7.0,2015.0,0,,,,7410.49206349207
403,404,a,c,1420.0,,,1,10.0,2013.0,"Mar,Jun,Sept,Dec",4620.589622641483
404,405,a,a,1080.0,4.0,2008.0,1,14.0,2011.0,"Jan,Apr,Jul,Oct",4489.685144124126
405,406,d,c,8240.0,3.0,2001.0,1,10.0,2013.0,"Feb,May,Aug,Nov",5483.970251716216
406,407,a,a,5890.0,10.0,2003.0,1,14.0,2011.0,"Feb,May,Aug,Nov",3760.206088992996
407,408,c,a,1560.0,,,1,45.0,2009.0,"Feb,May,Aug,Nov",4623.429223744244
408,409,d,c,840.0,,,1,1.0,2013.0,"Jan,Apr,Jul,Oct",5265.230425055943
409,410,c,a,40.0,11.0,2011.0,1,22.0,2012.0,"Mar,Jun,Sept,Dec",6289.3015521064945
410,411,d,c,8460.0,,,0,,,,8904.306843267123
411,412,d,c,4460.0,,,1,39.0,2010.0,"Jan,Apr,Jul,Oct",8921.373522458603
412,413,a,c,760.0,9.0,2014.0,0,,,,6994.62110311758
413,414,d,c,6210.0,,,1,1.0,2013.0,"Jan,Apr,Jul,Oct",6250.3053097344455
414,415,d,c,6910.0,4.0,2005.0,0,,,,6048.467105263237
415,416,a,c,4650.0,6.0,2014.0,0,,,,10769.610738255078
416,417,a,c,840.0,,,1,10.0,2014.0,"Jan,Apr,Jul,Oct",7854.331096196913
417,418,a,a,1060.0,5.0,2009.0,1,27.0,2011.0,"Feb,May,Aug,Nov",5151.795154185033
418,419,c,a,1620.0,9.0,2009.0,0,,,,5217.984444444494
419,420,d,c,250.0,,,1,27.0,2012.0,"Jan,Apr,Jul,Oct",4351.160756501167
420,421,c,c,3530.0,6.0,2012.0,1,35.0,2012.0,"Mar,Jun,Sept,Dec",9381.615720524089
421,422,a,c,2880.0,,,0,,,,4483.729977116726
422,423,b,a,1270.0,5.0,2014.0,0,,,,10793.059813084086
423,424,d,c,1250.0,,,1,40.0,2011.0,"Jan,Apr,Jul,Oct",6490.39111111116
424,425,d,c,1460.0,,,0,,,,3147.768211920516
425,426,a,a,250.0,,,0,,,,5027.6359550561765
426,427,a,c,70.0,7.0,2005.0,1,13.0,2010.0,"Jan,Apr,Jul,Oct",7699.193396226475
427,428,d,a,2960.0,12.0,2014.0,1,23.0,2015.0,"Mar,Jun,Sept,Dec",6275.807228915718
428,429,d,c,16350.0,7.0,2005.0,1,31.0,2013.0,"Jan,Apr,Jul,Oct",5343.420427553396
429,430,d,c,12870.0,10.0,2008.0,0,,,,8535.956097560942
430,431,d,c,4520.0,,,0,,,,9303.879999999912
431,432,a,a,810.0,5.0,2013.0,0,,,,10639.514476614742
432,433,a,c,30030.0,11.0,2010.0,0,,,,5345.056680161969
433,434,a,a,13020.0,8.0,2003.0,1,40.0,2014.0,"Jan,Apr,Jul,Oct",9640.528846153915
434,435,a,a,910.0,,,0,,,,3358.015555555527
435,436,d,a,2300.0,,,0,,,,5518.480088495618
436,437,c,c,430.0,,,1,50.0,2010.0,"Jan,Apr,Jul,Oct",7187.818181818254
437,438,d,c,1110.0,,,1,40.0,2012.0,"Jan,Apr,Jul,Oct",4832.5
438,439,a,a,1350.0,9.0,2009.0,0,,,,7225.8586956522395
439,440,d,a,3900.0,4.0,2005.0,1,45.0,2009.0,"Feb,May,Aug,Nov",4991.632516703741
440,441,d,a,2530.0,,,0,,,,6048.893333333403
441,442,c,a,500.0,,,1,45.0,2009.0,"Feb,May,Aug,Nov",4236.464125560583
442,443,d,a,11400.0,12.0,2005.0,0,,,,5108.295404814025
443,444,c,a,1700.0,11.0,2009.0,0,,,,12086.355056179704
444,445,a,a,240.0,,,0,,,,8497.651006711338
445,446,a,a,340.0,10.0,2000.0,1,31.0,2013.0,"Feb,May,Aug,Nov",4889.453333333304
446,447,a,c,1510.0,9.0,2013.0,0,,,,5217.725055432404
447,448,a,c,3970.0,9.0,2009.0,0,,,,8403.120454545473
448,449,a,c,120.0,12.0,2014.0,1,37.0,2009.0,"Jan,Apr,Jul,Oct",11371.75
449,450,c,a,5780.0,11.0,1994.0,1,10.0,2014.0,"Mar,Jun,Sept,Dec",8749.966592427647
450,451,a,a,2460.0,4.0,2009.0,1,13.0,2010.0,"Jan,Apr,Jul,Oct",5318.380219780243
451,452,a,c,1850.0,8.0,2013.0,1,5.0,2011.0,"Feb,May,Aug,Nov",5312.2234513274925
452,453,a,c,75860.0,,,0,,,,7603.027613412152
453,454,a,a,26450.0,,,0,,,,5731.7483588621235
454,455,d,c,7660.0,9.0,2010.0,0,,,,6874.923413566773
455,456,a,c,140.0,,,0,,,,6282.099118942757
456,457,d,c,13140.0,,,1,31.0,2013.0,"Jan,Apr,Jul,Oct",4611.969339622649
457,458,c,a,3390.0,,,0,,,,7583.191964285797
458,459,a,a,250.0,9.0,2008.0,1,5.0,2013.0,"Feb,May,Aug,Nov",8940.738839285747
459,460,a,a,34050.0,4.0,2008.0,0,,,,3686.4326086956867
460,461,d,c,1790.0,7.0,2013.0,1,40.0,2013.0,"Jan,Apr,Jul,Oct",4836.367032967041
461,462,a,a,44320.0,8.0,2008.0,0,,,,4848.629955947104
462,463,a,a,4160.0,,,0,,,,6021.346846846861
463,464,c,a,520.0,3.0,2009.0,0,,,,10600.99333333324
464,465,d,c,10890.0,4.0,2005.0,0,,,,7550.701986754891
465,466,a,c,3110.0,3.0,2003.0,0,,,,7565.444444444479
466,467,a,c,20390.0,4.0,2008.0,0,,,,13497.136771300566
467,468,c,c,5260.0,9.0,2012.0,0,,,,7021.917225950838
468,469,c,c,710.0,9.0,2005.0,0,,,,11998.206278026979
469,470,a,c,50.0,,,0,,,,12966.296629213524
470,471,d,a,5300.0,,,1,45.0,2009.0,"Feb,May,Aug,Nov",7068.387019230854
471,472,c,c,5030.0,8.0,2011.0,0,,,,5128.7649667406
472,473,a,a,50.0,,,0,,,,3542.7130044843066
473,474,c,a,14810.0,,,1,14.0,2011.0,"Mar,Jun,Sept,Dec",7434.512087912183
474,475,a,a,140.0,9.0,2005.0,0,,,,6468.186666666634
475,476,d,a,8300.0,9.0,2006.0,0,,,,5800.62527233118
476,477,d,a,770.0,7.0,2010.0,1,35.0,2010.0,"Jan,Apr,Jul,Oct",6145.178571428609
477,478,d,c,1940.0,3.0,2012.0,0,,,,6716.1303370786145
478,479,a,a,320.0,12.0,2005.0,1,9.0,2011.0,"Feb,May,Aug,Nov",11000.93846153841
479,480,a,a,300.0,11.0,2012.0,0,,,,4880.145089285744
480,481,c,c,7470.0,,,1,44.0,2012.0,"Feb,May,Aug,Nov",4697.664459161142
481,482,c,a,2550.0,10.0,2005.0,0,,,,8366.988888888938
482,483,a,c,2310.0,9.0,2011.0,1,13.0,2010.0,"Jan,Apr,Jul,Oct",4879.089519650673
483,484,a,c,14300.0,3.0,2011.0,0,,,,7544.536796536776
484,485,d,c,3270.0,,,1,22.0,2012.0,"Jan,Apr,Jul,Oct",4690.0335731414825
485,486,a,a,2320.0,,,1,31.0,2013.0,"Jan,Apr,Jul,Oct",4159.911308203993
486,487,d,c,2180.0,9.0,2012.0,1,40.0,2012.0,"Jan,Apr,Jul,Oct",6731.389496717699
487,488,a,c,2890.0,4.0,2014.0,0,,,,3648.752252252292
488,489,a,a,14960.0,11.0,2013.0,1,37.0,2009.0,"Jan,Apr,Jul,Oct",7156.00439560448
489,490,a,a,660.0,4.0,2013.0,1,40.0,2014.0,"Jan,Apr,Jul,Oct",8170.415492957803
490,491,d,c,4680.0,,,1,22.0,2012.0,"Mar,Jun,Sept,Dec",6466.486607142828
491,492,a,a,1740.0,3.0,2008.0,1,40.0,2012.0,"Jan,Apr,Jul,Oct",7743.351543942955
492,493,d,c,1150.0,,,1,14.0,2011.0,"Jan,Apr,Jul,Oct",7844.293333333346
493,494,b,a,1260.0,6.0,2011.0,0,,,,7536.871323529514
494,495,d,a,5470.0,,,1,37.0,2009.0,"Jan,Apr,Jul,Oct",4983.047085201824
495,496,d,c,2780.0,6.0,2015.0,0,,,,7534.180400890794
496,497,a,c,1610.0,,,0,,,,8971.82039911302
497,498,a,a,990.0,,,1,40.0,2014.0,"Jan,Apr,Jul,Oct",6945.824096385496
498,499,c,c,450.0,,,1,5.0,2013.0,"Feb,May,Aug,Nov",4804.006607929539
499,500,d,c,10690.0,9.0,2007.0,1,5.0,2013.0,"Jan,Apr,Jul,Oct",5038.96226415089
500,501,a,c,1620.0,9.0,2006.0,0,,,,5524.71875
501,502,a,a,220.0,2.0,2002.0,1,37.0,2009.0,"Jan,Apr,Jul,Oct",10911.874439462008
502,503,d,c,13080.0,9.0,2006.0,1,14.0,2011.0,"Jan,Apr,Jul,Oct",6461.286343612274
503,504,c,c,820.0,,,0,,,,6581.060000000048
504,505,a,a,350.0,,,1,5.0,2013.0,"Feb,May,Aug,Nov",4699.607929515372
505,506,a,a,1850.0,12.0,2014.0,1,18.0,2011.0,"Feb,May,Aug,Nov",7699.704444444376
506,507,a,c,9070.0,4.0,2011.0,1,37.0,2009.0,"Jan,Apr,Jul,Oct",8227.755458515217
507,508,a,c,1280.0,,,1,40.0,2011.0,"Jan,Apr,Jul,Oct",6353.342342342283
508,509,a,a,4740.0,7.0,2008.0,1,37.0,2009.0,"Jan,Apr,Jul,Oct",6155.636971046715
509,510,a,c,8260.0,,,0,,,,8138.233707865179
510,511,a,a,2060.0,9.0,2009.0,0,,,,5583.970786516896
511,512,b,b,590.0,,,1,5.0,2013.0,"Mar,Jun,Sept,Dec",5180.6040404040195
512,513,a,a,400.0,8.0,2013.0,0,,,,18519.836283185843
513,514,c,c,1200.0,7.0,2012.0,1,27.0,2012.0,"Jan,Apr,Jul,Oct",5539.4184397162635
514,515,d,c,11260.0,,,1,9.0,2011.0,"Feb,May,Aug,Nov",8858.211711711643
515,516,a,c,20.0,,,1,35.0,2010.0,"Mar,Jun,Sept,Dec",5620.363636363644
516,517,a,c,22490.0,,,0,,,,5914.969837586974
517,518,d,c,3330.0,3.0,2015.0,1,13.0,2010.0,"Jan,Apr,Jul,Oct",5757.7535885167335
518,519,c,c,2510.0,8.0,2009.0,1,1.0,2012.0,"Jan,Apr,Jul,Oct",5149.776548672508
519,520,a,c,6900.0,,,1,40.0,2012.0,"Mar,Jun,Sept,Dec",3743.1148648648536
520,521,d,a,18610.0,11.0,2002.0,1,48.0,2011.0,"Mar,Jun,Sept,Dec",5049.802222222222
521,522,d,c,7160.0,11.0,2012.0,1,9.0,2011.0,"Jan,Apr,Jul,Oct",8007.324644549752
522,523,c,c,50.0,11.0,2013.0,0,,,,16430.746136865335
523,524,a,c,40860.0,9.0,2013.0,0,,,,7492.824701195145
524,525,d,c,1870.0,9.0,2013.0,0,,,,10308.957494407043
525,526,a,a,120.0,,,1,48.0,2011.0,"Mar,Jun,Sept,Dec",10472.505470459417
526,527,d,c,5830.0,4.0,2008.0,0,,,,10525.694505494414
527,528,a,c,20620.0,,,1,37.0,2009.0,"Jan,Apr,Jul,Oct",10557.8498896248
528,529,d,c,12920.0,9.0,2012.0,0,,,,7569.159292035365
529,530,a,c,18160.0,,,0,,,,4407.9885277246785
530,531,a,c,4030.0,,,0,,,,4705.338495575215
531,532,a,c,1070.0,8.0,2010.0,0,,,,10661.236363636335
532,533,a,c,5950.0,,,0,,,,9087.051224944254
533,534,d,a,1200.0,9.0,2009.0,1,45.0,2009.0,"Jan,Apr,Jul,Oct",7422.08983451544
534,535,a,a,3570.0,4.0,2007.0,0,,,,7988.704194260429
535,536,a,c,4700.0,9.0,2002.0,1,31.0,2013.0,"Feb,May,Aug,Nov",8257.798206278097
536,537,a,a,600.0,5.0,2002.0,1,1.0,2012.0,"Jan,Apr,Jul,Oct",5271.571748878931
537,538,a,a,990.0,2.0,2010.0,0,,,,3798.259174311954
538,539,a,a,770.0,5.0,2013.0,1,40.0,2014.0,"Jan,Apr,Jul,Oct",11274.45238095242
539,540,d,c,810.0,,,1,48.0,2012.0,"Jan,Apr,Jul,Oct",5093.420803782527
540,541,a,c,650.0,7.0,1990.0,0,,,,6468.128603104163
541,542,a,a,7280.0,9.0,2012.0,1,1.0,2013.0,"Jan,Apr,Jul,Oct",6249.421428571452
542,543,c,a,1080.0,12.0,2012.0,0,,,,2825.860045146721
543,544,a,a,250.0,12.0,2001.0,1,13.0,2010.0,"Jan,Apr,Jul,Oct",14324.061946902486
544,545,a,c,5020.0,5.0,2006.0,1,18.0,2014.0,"Feb,May,Aug,Nov",10419.136465324355
545,546,a,a,580.0,1.0,2005.0,0,,,,13285.084090909006
546,547,d,c,8990.0,11.0,2009.0,1,35.0,2010.0,"Mar,Jun,Sept,Dec",5610.901442307669
547,548,d,c,3760.0,2.0,2009.0,0,,,,4754.614349775798
548,549,a,c,2330.0,,,0,,,,4481.874725274739
549,550,d,c,50.0,6.0,2015.0,0,,,,5651.253863134736
550,551,a,c,2190.0,9.0,2013.0,0,,,,6442.795964125546
551,552,a,a,4260.0,7.0,2008.0,1,37.0,2009.0,"Jan,Apr,Jul,Oct",7725.148558758227
552,553,c,a,3040.0,9.0,2002.0,1,13.0,2010.0,"Jan,Apr,Jul,Oct",6753.706401765934
553,554,c,c,1200.0,,,0,,,,4093.425764192149
554,555,d,a,1560.0,1.0,2014.0,1,10.0,2013.0,"Mar,Jun,Sept,Dec",5321.247641509408
555,556,d,c,1140.0,11.0,2014.0,0,,,,6927.7411504425045
556,557,a,a,250.0,,,0,,,,4418.346578366436
557,558,a,a,3000.0,2.0,2010.0,0,,,,3319.6386363636575
558,559,d,a,3910.0,11.0,2006.0,1,5.0,2013.0,"Feb,May,Aug,Nov",5835.418502202692
559,560,c,c,1910.0,7.0,2013.0,0,,,,13161.467469879442
560,561,d,a,14300.0,,,0,,,,6901.537777777763
561,562,b,c,1210.0,,,0,,,,17916.45119705347
562,563,a,a,700.0,3.0,2015.0,1,10.0,2014.0,"Jan,Apr,Jul,Oct",5655.502202643118
563,564,d,c,6540.0,,,1,14.0,2013.0,"Jan,Apr,Jul,Oct",5309.365296803712
564,565,a,c,160.0,7.0,2007.0,0,,,,6473.903370786466
565,566,a,a,3620.0,,,1,40.0,2013.0,"Jan,Apr,Jul,Oct",4577.794247787599
566,567,c,a,1010.0,9.0,2012.0,1,18.0,2011.0,"Feb,May,Aug,Nov",5251.168161435019
567,568,d,c,4270.0,,,1,1.0,2013.0,"Jan,Apr,Jul,Oct",4571.33780760626
568,569,a,a,1340.0,9.0,2006.0,0,,,,4505.523706896549
569,570,a,a,180.0,11.0,2006.0,0,,,,4701.988864142491
570,571,d,a,2110.0,11.0,1995.0,1,40.0,2014.0,"Jan,Apr,Jul,Oct",7476.725118483416
571,572,d,c,9230.0,4.0,2004.0,1,37.0,2009.0,"Jan,Apr,Jul,Oct",6809.465934065999
572,573,a,a,1190.0,11.0,2012.0,1,36.0,2013.0,"Jan,Apr,Jul,Oct",4023.4521531100017
573,574,d,a,4400.0,,,0,,,,8782.40666666665
574,575,a,a,960.0,5.0,2008.0,1,13.0,2010.0,"Jan,Apr,Jul,Oct",5236.453271028084
575,576,c,a,50.0,11.0,2006.0,0,,,,6755.942477876194
576,577,a,c,2270.0,,,1,35.0,2012.0,"Mar,Jun,Sept,Dec",5013.139737991193
577,578,d,a,12700.0,4.0,2013.0,0,,,,7936.756653992437
578,579,c,a,20970.0,11.0,2012.0,0,,,,8359.30530973441
579,580,a,c,170.0,2.0,2009.0,0,,,,10364.164079822602
580,581,a,a,7250.0,12.0,2013.0,0,,,,5363.9109131403575
581,582,a,a,120.0,,,0,,,,7013.622516556208
582,583,a,a,2640.0,11.0,2002.0,0,,,,4274.164444444437
583,584,d,a,1360.0,,,1,35.0,2010.0,"Mar,Jun,Sept,Dec",4587.175280898847
584,585,d,c,440.0,4.0,2014.0,0,,,,6066.83624454155
585,586,a,c,250.0,10.0,2008.0,0,,,,14617.754545454674
586,587,d,c,330.0,9.0,2006.0,1,14.0,2011.0,"Jan,Apr,Jul,Oct",9253.669833729124
587,588,d,c,15720.0,3.0,2010.0,0,,,,5980.013215858984
588,589,a,c,360.0,,,1,18.0,2013.0,"Feb,May,Aug,Nov",4235.737819025497
589,590,d,c,4520.0,9.0,2010.0,1,31.0,2013.0,"Jan,Apr,Jul,Oct",4854.929824561358
590,591,a,c,3340.0,,,1,22.0,2012.0,"Mar,Jun,Sept,Dec",5672.818584070856
591,592,a,a,2540.0,6.0,2005.0,0,,,,4406.076062639759
592,593,a,c,33060.0,3.0,2010.0,0,,,,9407.754464285732
593,594,a,a,1790.0,10.0,2011.0,0,,,,4059.2583518931224
594,595,c,c,1130.0,6.0,2015.0,0,,,,14691.962472406212
595,596,c,a,290.0,9.0,2006.0,0,,,,4326.615384615442
596,597,a,a,150.0,9.0,2008.0,1,1.0,2012.0,"Mar,Jun,Sept,Dec",4930.466063348433
597,598,c,a,550.0,12.0,2013.0,1,40.0,2014.0,"Jan,Apr,Jul,Oct",5895.770883054928
598,599,d,c,580.0,11.0,2014.0,0,,,,9725.467561521278
599,600,d,c,17340.0,6.0,2010.0,1,9.0,2011.0,"Feb,May,Aug,Nov",6708.708240534546
600,601,d,a,8220.0,4.0,2014.0,1,14.0,2011.0,"Jan,Apr,Jul,Oct",4802.918141592905
601,602,a,a,2710.0,7.0,2001.0,1,22.0,2012.0,"Mar,Jun,Sept,Dec",6167.584615384666
602,603,a,a,340.0,4.0,2007.0,1,13.0,2010.0,"Jan,Apr,Jul,Oct",6630.553530751726
603,604,d,a,10950.0,3.0,2014.0,0,,,,8158.041666666613
604,605,d,a,10310.0,4.0,2003.0,1,37.0,2009.0,"Jan,Apr,Jul,Oct",6825.544018058669
605,606,a,a,2260.0,11.0,2007.0,0,,,,5790.737417943166
606,607,a,a,350.0,8.0,1999.0,1,14.0,2011.0,"Jan,Apr,Jul,Oct",3885.2105263157805
607,608,a,c,18370.0,2.0,2013.0,1,14.0,2011.0,"Jan,Apr,Jul,Oct",9028.350109409179
608,609,a,a,2070.0,9.0,2007.0,0,,,,4524.813186813156
609,610,a,a,660.0,1.0,2007.0,0,,,,4172.8273542600855
610,611,a,a,8080.0,12.0,2002.0,1,40.0,2014.0,"Jan,Apr,Jul,Oct",5736.359523809516
611,612,d,c,2490.0,11.0,2012.0,1,31.0,2009.0,"Jan,Apr,Jul,Oct",6804.773584905581
612,613,c,a,250.0,6.0,2007.0,1,14.0,2011.0,"Jan,Apr,Jul,Oct",6706.539503385908
613,614,a,a,1160.0,12.0,2012.0,0,,,,6508.436956521695
614,615,d,a,730.0,8.0,2007.0,0,,,,9764.687640449374
615,616,a,c,3040.0,8.0,2011.0,1,35.0,2010.0,"Mar,Jun,Sept,Dec",8486.523281596517
616,617,a,c,8940.0,,,1,9.0,2011.0,"Jan,Apr,Jul,Oct",6201.898230088438
617,618,d,c,9910.0,,,0,,,,6556.394209354159
618,619,a,a,1600.0,6.0,2006.0,1,45.0,2009.0,"Feb,May,Aug,Nov",4294.245283018839
619,620,d,c,5440.0,,,1,40.0,2014.0,"Jan,Apr,Jul,Oct",7469.8023529411375
620,621,a,a,30.0,7.0,2002.0,0,,,,5767.982182628019
621,622,a,c,,,,0,,,,4230.4288888888705
622,623,a,a,4080.0,3.0,2011.0,1,13.0,2010.0,"Jan,Apr,Jul,Oct",7197.55684454749
623,624,a,c,6920.0,9.0,2011.0,0,,,,6976.261061946868
624,625,a,a,1170.0,4.0,2011.0,1,22.0,2012.0,"Feb,May,Aug,Nov",6225.758314855863
625,626,c,c,10740.0,11.0,2013.0,0,,,,9329.86681715583
626,627,c,c,3970.0,3.0,2010.0,0,,,,5702.715859030838
627,628,a,c,2180.0,,,0,,,,6177.280353200948
628,629,d,a,510.0,7.0,2014.0,1,23.0,2015.0,"Mar,Jun,Sept,Dec",8204.620772946964
629,630,a,a,1690.0,4.0,2015.0,0,,,,6938.128959276122
630,631,d,c,2870.0,,,1,35.0,2012.0,"Mar,Jun,Sept,Dec",5157.278508771977
631,632,a,a,3350.0,2.0,2010.0,0,,,,6816.015590200539
632,633,d,a,11640.0,4.0,2005.0,1,22.0,2011.0,"Jan,Apr,Jul,Oct",7154.627358490595
633,634,d,a,18610.0,,,0,,,,6475.356828193771
634,635,a,a,27530.0,4.0,2014.0,0,,,,5844.516483516441
635,636,c,a,720.0,10.0,2004.0,1,13.0,2010.0,"Jan,Apr,Jul,Oct",5812.440963855468
636,637,d,c,9790.0,,,1,31.0,2009.0,"Feb,May,Aug,Nov",8601.095693780002
637,638,d,a,10170.0,11.0,2001.0,0,,,,5922.448192771061
638,639,a,a,7780.0,11.0,2006.0,0,,,,4802.361607142863
639,640,d,c,8040.0,,,0,,,,11231.786191536796
640,641,a,c,610.0,12.0,2003.0,1,36.0,2013.0,"Mar,Jun,Sept,Dec",5745.219298245535
641,642,c,c,530.0,4.0,2005.0,1,35.0,2010.0,"Mar,Jun,Sept,Dec",3624.409691629935
642,643,a,a,230.0,6.0,2010.0,1,18.0,2010.0,"Feb,May,Aug,Nov",7919.801781737237
643,644,c,a,4030.0,12.0,2004.0,1,14.0,2011.0,"Jan,Apr,Jul,Oct",9194.32530120481
644,645,a,a,90.0,,,1,45.0,2009.0,"Feb,May,Aug,Nov",10810.973094170298
645,646,a,a,620.0,9.0,2014.0,0,,,,4991.02830188676
646,647,a,c,7420.0,4.0,2013.0,0,,,,5637.9516483517
647,648,d,a,2130.0,12.0,2008.0,0,,,,6490.7898230088085
648,649,a,a,14570.0,11.0,2002.0,0,,,,3625.2818791945956
649,650,a,a,1420.0,10.0,2012.0,1,40.0,2014.0,"Jan,Apr,Jul,Oct",6362.8985849055825
650,651,a,a,200.0,,,0,,,,7492.699774266311
651,652,a,a,20390.0,,,0,,,,6413.375280898893
652,653,d,c,7520.0,7.0,2014.0,1,45.0,2009.0,"Feb,May,Aug,Nov",5873.252747252703
653,654,c,a,6930.0,9.0,2006.0,0,,,,6276.787746170642
654,655,d,c,960.0,11.0,2012.0,1,5.0,2013.0,"Feb,May,Aug,Nov",7522.285398230045
655,656,d,a,410.0,4.0,2009.0,1,13.0,2010.0,"Jan,Apr,Jul,Oct",3177.5573033707437
656,657,c,c,80.0,1.0,2006.0,1,10.0,2014.0,"Jan,Apr,Jul,Oct",5784.150110375252
657,658,d,c,520.0,,,1,37.0,2009.0,"Jan,Apr,Jul,Oct",6180.494331065699
658,659,d,a,1590.0,3.0,2012.0,0,,,,5683.002277904308
659,660,a,a,1200.0,11.0,2006.0,1,40.0,2014.0,"Jan,Apr,Jul,Oct",4443.157004830897
660,661,d,c,2140.0,7.0,2013.0,0,,,,7078.114942528767
661,662,d,a,1070.0,,,0,,,,8348.53636363625
662,663,a,c,7860.0,5.0,2005.0,0,,,,4126.395348837175
663,664,d,c,1680.0,10.0,2005.0,0,,,,4733.271493212739
664,665,a,a,90.0,12.0,2012.0,1,14.0,2011.0,"Jan,Apr,Jul,Oct",8303.733031674266
665,666,c,c,2700.0,,,1,9.0,2011.0,"Mar,Jun,Sept,Dec",6826.81699346413
666,667,d,c,2870.0,9.0,2012.0,0,,,,8731.818584070845
667,668,c,a,1270.0,9.0,2010.0,0,,,,8756.958785249477
668,669,d,a,17080.0,7.0,2012.0,1,31.0,2013.0,"Jan,Apr,Jul,Oct",4394.418052256562
669,670,a,a,2060.0,,,1,45.0,2009.0,"Feb,May,Aug,Nov",6557.959427207681
670,671,a,c,2070.0,2.0,2008.0,1,39.0,2010.0,"Jan,Apr,Jul,Oct",5576.548693586646
671,672,c,a,240.0,9.0,2002.0,0,,,,8804.199124726469
672,673,d,c,15170.0,,,1,5.0,2013.0,"Feb,May,Aug,Nov",6644.734966592404
673,674,a,a,2640.0,12.0,2005.0,1,31.0,2013.0,"Feb,May,Aug,Nov",7996.62995594707
674,675,a,a,2100.0,8.0,2013.0,1,14.0,2011.0,"Jan,Apr,Jul,Oct",4483.993318485552
675,676,b,b,1410.0,9.0,2008.0,0,,,,6886.4424951267365
676,677,d,a,1740.0,6.0,2014.0,1,45.0,2009.0,"Feb,May,Aug,Nov",8296.572446555829
677,678,c,a,3250.0,,,1,40.0,2011.0,"Jan,Apr,Jul,Oct",7058.239373601857
678,679,a,a,4140.0,9.0,2012.0,0,,,,9784.474157303486
679,680,c,a,170.0,,,1,35.0,2012.0,"Mar,Jun,Sept,Dec",5128.208520179317
680,681,a,c,620.0,,,1,1.0,2014.0,"Mar,Jun,Sept,Dec",3458.8314087759395
681,682,b,a,150.0,9.0,2006.0,0,,,,11014.59888059709
682,683,a,a,2850.0,7.0,2014.0,0,,,,9527.40625
683,684,d,c,680.0,,,1,22.0,2012.0,"Jan,Apr,Jul,Oct",7268.6496519721195
684,685,a,a,650.0,11.0,2013.0,1,37.0,2009.0,"Jan,Apr,Jul,Oct",7220.388392857183
685,686,a,a,20050.0,4.0,2002.0,0,,,,6181.359728506769
686,687,d,c,2770.0,,,0,,,,7912.008928571409
687,688,a,a,18760.0,8.0,2015.0,1,14.0,2011.0,"Jan,Apr,Jul,Oct",3571.716186252716
688,689,d,a,15040.0,10.0,2004.0,0,,,,7222.586129753874
689,690,a,a,100.0,,,0,,,,5500.555056179835
690,691,d,c,3030.0,,,1,37.0,2009.0,"Jan,Apr,Jul,Oct",8408.368778280523
691,692,a,a,40.0,8.0,2001.0,0,,,,6621.961625282185
692,693,d,a,450.0,,,1,40.0,2011.0,"Jan,Apr,Jul,Oct",6548.804932735401
693,694,a,c,460.0,11.0,2012.0,1,40.0,2014.0,"Jan,Apr,Jul,Oct",7862.246973365569
694,695,a,a,550.0,7.0,2011.0,1,1.0,2012.0,"Jan,Apr,Jul,Oct",5300.6428571428505
695,696,a,c,430.0,,,0,,,,7441.121951219597
696,697,d,a,3780.0,,,1,40.0,2011.0,"Jan,Apr,Jul,Oct",10308.76043956048
697,698,a,a,1790.0,5.0,2011.0,0,,,,15175.673469387879
698,699,a,a,180.0,,,1,5.0,2013.0,"Jan,Apr,Jul,Oct",8438.556053811682
699,700,a,c,830.0,,,1,27.0,2013.0,"Jan,Apr,Jul,Oct",4202.7627906976395
700,701,d,a,1450.0,3.0,2012.0,1,14.0,2011.0,"Jan,Apr,Jul,Oct",5691.619277108458
701,702,a,a,8550.0,9.0,2001.0,1,45.0,2009.0,"Feb,May,Aug,Nov",4386.399061032868
702,703,a,a,80.0,6.0,2005.0,0,,,,3255.7294900221746
703,704,d,c,1910.0,4.0,2009.0,0,,,,10035.127472527394
704,705,a,a,4140.0,9.0,2012.0,1,18.0,2011.0,"Feb,May,Aug,Nov",7864.380952381019
705,706,d,a,7830.0,9.0,2014.0,1,10.0,2014.0,"Mar,Jun,Sept,Dec",5727.71666666667
706,707,a,c,2900.0,7.0,1990.0,0,,,,8104.91592920351
707,708,c,c,11470.0,10.0,2009.0,1,18.0,2014.0,"Jan,Apr,Jul,Oct",3781.702637889668
708,709,a,a,500.0,12.0,2010.0,0,,,,9735.200892857207
709,710,d,a,1500.0,9.0,2008.0,1,14.0,2011.0,"Jan,Apr,Jul,Oct",4410.993071593539
710,711,d,a,17110.0,3.0,2007.0,1,5.0,2010.0,"Jan,Apr,Jul,Oct",6995.2065727700165
711,712,a,a,4870.0,9.0,2007.0,1,45.0,2009.0,"Jan,Apr,Jul,Oct",6567.852028639555
712,713,a,c,220.0,,,1,10.0,2014.0,"Jan,Apr,Jul,Oct",11171.545861297522
713,714,d,c,12070.0,10.0,2005.0,1,10.0,2013.0,"Jan,Apr,Jul,Oct",4155.516703786168
714,715,a,a,14810.0,6.0,2014.0,0,,,,6511.444943820158
715,716,d,a,3200.0,1.0,2008.0,1,22.0,2011.0,"Jan,Apr,Jul,Oct",5685.218309859157
716,717,d,c,310.0,,,1,40.0,2011.0,"Jan,Apr,Jul,Oct",5369.429213483191
717,718,a,a,1100.0,6.0,2015.0,0,,,,7870.545454545442
718,719,c,c,8190.0,,,1,45.0,2009.0,"Feb,May,Aug,Nov",5476.893364928961
719,720,a,c,15320.0,3.0,2011.0,1,14.0,2013.0,"Feb,May,Aug,Nov",7065.70175438604
720,721,a,c,3590.0,9.0,2012.0,1,22.0,2012.0,"Mar,Jun,Sept,Dec",7477.9556541019365
721,722,a,a,50.0,,,0,,,,9804.361842105187
722,723,d,c,5650.0,9.0,2008.0,1,5.0,2013.0,"Feb,May,Aug,Nov",6505.975663716873
723,724,d,c,5900.0,,,0,,,,6595.550111358528
724,725,d,c,17540.0,6.0,2012.0,0,,,,5652.590090090067
725,726,a,c,40540.0,2.0,2002.0,0,,,,10849.673960612785
726,727,a,a,2050.0,3.0,2007.0,0,,,,4465.166292134829
727,728,d,a,13990.0,,,1,14.0,2011.0,"Jan,Apr,Jul,Oct",5115.173120728988
728,729,c,c,8980.0,6.0,2011.0,0,,,,10245.549549549558
729,730,c,a,1190.0,9.0,2013.0,0,,,,8352.293986637049
730,731,a,a,15270.0,,,1,10.0,2014.0,"Jan,Apr,Jul,Oct",9278.850111856962
731,732,a,c,35280.0,,,0,,,,5725.135627530392
732,733,b,b,860.0,10.0,1999.0,0,,,,14637.460980036298
733,734,a,a,220.0,,,1,36.0,2013.0,"Mar,Jun,Sept,Dec",6146.718181818229
734,735,d,c,1920.0,4.0,2005.0,0,,,,5349.162995594686
735,736,c,c,1650.0,,,1,14.0,2011.0,"Jan,Apr,Jul,Oct",5150.560283687908
736,737,a,a,100.0,5.0,2007.0,1,31.0,2013.0,"Jan,Apr,Jul,Oct",6032.754504504578
737,738,d,c,5980.0,10.0,2005.0,0,,,,8265.292682926778
738,739,d,c,2770.0,6.0,2008.0,1,22.0,2011.0,"Jan,Apr,Jul,Oct",9116.244705882318
739,740,d,a,6400.0,3.0,2014.0,0,,,,6807.722100656477
740,741,d,c,11900.0,,,0,,,,7239.530916844403
741,742,d,c,4380.0,,,0,,,,7786.534722222129
742,743,a,a,6710.0,11.0,2003.0,1,14.0,2012.0,"Jan,Apr,Jul,Oct",3731.722466960328
743,744,a,a,1370.0,12.0,2011.0,1,40.0,2014.0,"Jan,Apr,Jul,Oct",7377.630806846047
744,745,a,a,17650.0,11.0,2013.0,1,37.0,2009.0,"Jan,Apr,Jul,Oct",7365.042316258397
745,746,d,c,4330.0,2.0,2011.0,1,35.0,2011.0,"Mar,Jun,Sept,Dec",5548.180995475067
746,747,c,c,45740.0,8.0,2008.0,0,,,,7826.611363636336
747,748,d,a,2380.0,3.0,2010.0,1,14.0,2011.0,"Jan,Apr,Jul,Oct",5682.762331838595
748,749,a,a,3410.0,8.0,2011.0,1,14.0,2015.0,"Jan,Apr,Jul,Oct",5425.359649122733
749,750,d,a,8670.0,2.0,2002.0,1,14.0,2011.0,"Jan,Apr,Jul,Oct",4922.968899521514
750,751,a,a,650.0,10.0,2006.0,0,,,,4293.258928571401
751,752,a,a,970.0,3.0,2013.0,1,31.0,2013.0,"Feb,May,Aug,Nov",5238.881165919327
752,753,d,c,540.0,11.0,2012.0,1,35.0,2010.0,"Mar,Jun,Sept,Dec",8745.838926174583
753,754,c,c,380.0,5.0,2008.0,1,10.0,2014.0,"Mar,Jun,Sept,Dec",8297.420353982263
754,755,d,c,13130.0,12.0,2003.0,0,,,,10192.660831509833
755,756,a,c,50.0,,,1,40.0,2011.0,"Jan,Apr,Jul,Oct",16178.794310722293
756,757,a,c,3450.0,,,0,,,,5810.10222222225
757,758,a,c,19780.0,6.0,2008.0,0,,,,4815.401345291495
758,759,a,a,110.0,11.0,2012.0,1,31.0,2013.0,"Feb,May,Aug,Nov",6804.896247240684
759,760,a,a,560.0,1.0,2011.0,0,,,,7568.241758241776
760,761,a,a,2390.0,9.0,2012.0,0,,,,8593.43721973096
761,762,d,c,1280.0,,,1,10.0,2013.0,"Mar,Jun,Sept,Dec",3609.291855203641
762,763,d,c,32240.0,3.0,2010.0,0,,,,5989.660087719236
763,764,a,c,26490.0,,,1,10.0,2014.0,"Mar,Jun,Sept,Dec",3302.827272727321
764,765,a,c,25430.0,5.0,1999.0,1,37.0,2009.0,"Jan,Apr,Jul,Oct",8272.559819413027
765,766,d,c,9820.0,,,0,,,,5876.217703349302
766,767,a,c,13080.0,,,0,,,,5955.993506493512
767,768,a,c,2630.0,9.0,2012.0,0,,,,12717.855263157802
768,769,b,b,840.0,,,1,48.0,2012.0,"Jan,Apr,Jul,Oct",10141.950458715653
769,770,a,c,100.0,4.0,2015.0,0,,,,6567.620309050693
770,771,a,a,20640.0,9.0,2007.0,0,,,,6646.103286385038
771,772,d,c,1850.0,,,0,,,,3326.2857142856933
772,773,a,a,200.0,,,0,,,,5917.3165938863895
773,774,a,c,640.0,9.0,2013.0,0,,,,5443.7964205816415
774,775,d,c,6970.0,12.0,2005.0,1,22.0,2011.0,"Jan,Apr,Jul,Oct",8719.785882352875
775,776,c,a,700.0,4.0,2009.0,1,14.0,2011.0,"Jan,Apr,Jul,Oct",4693.21670428896
776,777,d,c,8250.0,10.0,2004.0,1,10.0,2013.0,"Mar,Jun,Sept,Dec",3633.988913525537
777,778,a,a,340.0,6.0,2003.0,1,40.0,2014.0,"Jan,Apr,Jul,Oct",5925.088578088638
778,779,a,a,16990.0,4.0,2004.0,0,,,,7012.928888888934
779,780,a,a,18160.0,,,0,,,,6437.430803571388
780,781,a,a,630.0,4.0,2007.0,0,,,,4871.285077950954
781,782,c,c,5390.0,8.0,2003.0,1,1.0,2012.0,"Jan,Apr,Jul,Oct",5299.613995485341
782,783,d,c,15490.0,,,0,,,,6674.323788546156
783,784,a,a,560.0,10.0,2014.0,1,10.0,2014.0,"Jan,Apr,Jul,Oct",8030.71140939599
784,785,d,c,970.0,7.0,2005.0,1,31.0,2013.0,"Feb,May,Aug,Nov",5936.603104212816
785,786,a,a,290.0,11.0,2006.0,1,5.0,2013.0,"Feb,May,Aug,Nov",3561.979910714307
786,787,c,c,3210.0,6.0,2009.0,0,,,,9962.072072072022
787,788,a,c,1530.0,3.0,2013.0,0,,,,17850.921225382794
788,789,a,c,9770.0,7.0,2003.0,0,,,,3154.4172185430684
789,790,d,c,9070.0,12.0,2003.0,0,,,,7274.7858769931145
790,791,a,a,5950.0,4.0,2007.0,0,,,,7178.4463894967685
791,792,d,a,17280.0,10.0,2009.0,1,18.0,2011.0,"Feb,May,Aug,Nov",7419.55726872245
792,793,d,a,2710.0,7.0,2006.0,0,,,,4704.869469026567
793,794,c,c,5090.0,9.0,2006.0,0,,,,2937.132882882856
794,795,d,a,510.0,,,1,35.0,2010.0,"Mar,Jun,Sept,Dec",4477.3180827886745
795,796,a,c,7180.0,11.0,2012.0,0,,,,6976.754923413531
796,797,a,a,2090.0,10.0,2012.0,1,40.0,2014.0,"Jan,Apr,Jul,Oct",3852.60563380277
797,798,a,a,9560.0,4.0,2001.0,0,,,,7296.1875
798,799,a,c,2700.0,,,0,,,,9793.002237136474
799,800,d,a,2020.0,7.0,2014.0,0,,,,5684.993303571391
800,801,d,a,48330.0,4.0,2013.0,0,,,,4719.9934782609
801,802,a,c,910.0,,,1,22.0,2011.0,"Feb,May,Aug,Nov",6733.551948051908
802,803,d,a,1760.0,,,1,10.0,2014.0,"Mar,Jun,Sept,Dec",6003.949450549527
803,804,c,c,2100.0,,,1,1.0,2013.0,"Jan,Apr,Jul,Oct",4822.159904534609
804,805,d,a,24770.0,10.0,2011.0,1,10.0,2014.0,"Mar,Jun,Sept,Dec",6304.312649164703
805,806,d,a,260.0,,,1,44.0,2010.0,"Feb,May,Aug,Nov",6741.173708920239
806,807,a,a,3870.0,4.0,2008.0,0,,,,9736.427937915632
807,808,a,a,18620.0,,,1,31.0,2009.0,"Feb,May,Aug,Nov",7078.608108108048
808,809,a,a,12770.0,10.0,2000.0,0,,,,9280.5625
809,810,d,c,9640.0,11.0,2013.0,0,,,,5887.216814159304
810,811,a,a,410.0,9.0,2012.0,0,,,,4131.232815964563
811,812,d,a,2590.0,9.0,2012.0,0,,,,6304.997797356886
812,813,a,a,1560.0,9.0,2003.0,0,,,,5722.174208144775
813,814,d,c,24530.0,7.0,2013.0,0,,,,8347.534934497826
814,815,a,a,590.0,1.0,1900.0,1,40.0,2014.0,"Jan,Apr,Jul,Oct",9212.699052132672
815,816,c,c,460.0,,,0,,,,5193.680709534335
816,817,a,a,140.0,3.0,2006.0,0,,,,22586.61451247152
817,818,d,a,490.0,,,1,35.0,2010.0,"Mar,Jun,Sept,Dec",5864.155963302712
818,819,a,c,720.0,10.0,2014.0,0,,,,6097.572383073516
819,820,a,c,1650.0,,,1,40.0,2014.0,"Jan,Apr,Jul,Oct",12159.566350710824
820,821,a,a,1700.0,9.0,2009.0,0,,,,6852.618942731186
821,822,a,c,410.0,11.0,2010.0,1,48.0,2010.0,"Mar,Jun,Sept,Dec",7734.002197802151
822,823,a,c,16210.0,11.0,2010.0,0,,,,5549.625550660773
823,824,a,a,17570.0,,,0,,,,6490.692650334011
824,825,a,a,380.0,5.0,2011.0,1,40.0,2014.0,"Jan,Apr,Jul,Oct",4368.969047619033
825,826,a,c,7980.0,6.0,2005.0,0,,,,8632.053117782834
826,827,a,c,250.0,1.0,2005.0,0,,,,11888.22149122793
827,828,d,c,3290.0,12.0,2014.0,0,,,,5084.307017543828
828,829,c,a,110.0,,,0,,,,5901.807947019907
829,830,a,c,6320.0,,,1,5.0,2011.0,"Jan,Apr,Jul,Oct",5942.269565217336
830,831,a,a,800.0,6.0,2007.0,0,,,,12622.022222222093
831,832,d,a,5070.0,,,1,45.0,2009.0,"Feb,May,Aug,Nov",6490.472406181038
832,833,d,c,3290.0,12.0,1999.0,1,35.0,2010.0,"Mar,Jun,Sept,Dec",5480.350332594168
833,834,a,a,3470.0,3.0,2012.0,0,,,,5787.9757709251435
834,835,a,a,2890.0,12.0,2007.0,1,10.0,2014.0,"Mar,Jun,Sept,Dec",4925.013274336245
835,836,a,a,2720.0,9.0,2012.0,0,,,,5790.015521064365
836,837,a,c,14600.0,4.0,2015.0,0,,,,3008.751231527119
837,838,d,c,6890.0,,,1,48.0,2011.0,"Mar,Jun,Sept,Dec",7571.2262931034
838,839,c,a,240.0,1.0,2015.0,0,,,,5385.670329670384
839,840,a,a,1070.0,9.0,2009.0,0,,,,7405.405764966738
840,841,a,a,27650.0,8.0,2004.0,0,,,,3051.3392857143053
841,842,d,c,1200.0,11.0,2007.0,0,,,,17965.731884057906
842,843,c,a,60.0,4.0,2006.0,0,,,,9727.748314606868
843,844,a,a,2030.0,9.0,2012.0,1,18.0,2011.0,"Feb,May,Aug,Nov",4185.0408163265765
844,845,d,a,7860.0,11.0,2005.0,1,14.0,2011.0,"Jan,Apr,Jul,Oct",4745.171945701354
845,846,a,c,8860.0,4.0,2004.0,1,37.0,2009.0,"Jan,Apr,Jul,Oct",9075.677631578974
846,847,c,c,190.0,,,1,31.0,2013.0,"Feb,May,Aug,Nov",7130.712962963035
847,848,a,c,370.0,7.0,2007.0,1,14.0,2011.0,"Jan,Apr,Jul,Oct",6242.890625
848,849,c,c,5000.0,,,0,,,,7880.042696629209
849,850,d,a,1120.0,5.0,2007.0,1,31.0,2013.0,"Jan,Apr,Jul,Oct",6064.462414578544
850,851,d,c,2330.0,,,1,49.0,2014.0,"Mar,Jun,Sept,Dec",5507.291566265114
851,852,c,a,940.0,4.0,2004.0,1,14.0,2011.0,"Jan,Apr,Jul,Oct",4601.2200000000175
852,853,a,a,14040.0,,,0,,,,9054.862222222246
853,854,c,a,4770.0,,,1,13.0,2010.0,"Jan,Apr,Jul,Oct",6654.246153846254
854,855,a,a,3440.0,,,1,45.0,2009.0,"Feb,May,Aug,Nov",5611.183035714234
855,856,a,a,3020.0,2.0,2010.0,0,,,,7161.427015250548
856,857,c,a,6270.0,8.0,2005.0,1,23.0,2014.0,"Mar,Jun,Sept,Dec",6984.8822222221725
857,858,a,a,3370.0,12.0,2008.0,1,40.0,2014.0,"Jan,Apr,Jul,Oct",4647.049881235192
858,859,c,a,21770.0,7.0,2015.0,0,,,,7375.808353808276
859,860,c,c,5980.0,2.0,2010.0,0,,,,5370.229074889827
860,861,c,c,740.0,,,1,14.0,2013.0,"Mar,Jun,Sept,Dec",3248.0068027211196
861,862,a,c,2840.0,3.0,2010.0,1,14.0,2011.0,"Jan,Apr,Jul,Oct",8586.543478260823
862,863,a,c,21370.0,11.0,2010.0,0,,,,7584.606237816713
863,864,a,a,1020.0,10.0,2012.0,1,45.0,2009.0,"Feb,May,Aug,Nov",4240.65853658535
864,865,d,c,2640.0,,,0,,,,7292.413716814106
865,866,d,a,9680.0,,,1,5.0,2013.0,"Feb,May,Aug,Nov",6632.443458979981
866,867,d,c,21810.0,9.0,2012.0,0,,,,4170.70541082163
867,868,d,c,1360.0,8.0,2005.0,1,10.0,2014.0,"Jan,Apr,Jul,Oct",9504.32062780269
868,869,c,a,230.0,10.0,2001.0,1,14.0,2011.0,"Jan,Apr,Jul,Oct",5922.247264770295
869,870,a,a,780.0,4.0,2009.0,0,,,,6846.851351351382
870,871,d,c,10620.0,,,0,,,,5810.433920704791
871,872,a,c,3860.0,9.0,2014.0,1,23.0,2015.0,"Mar,Jun,Sept,Dec",8847.06040268454
872,873,a,a,2040.0,11.0,2008.0,0,,,,3797.151447661461
873,874,a,a,3210.0,,,0,,,,4405.43015521066
874,875,d,a,5070.0,11.0,2007.0,1,18.0,2015.0,"Feb,May,Aug,Nov",5111.300884955723
875,876,a,a,21790.0,4.0,2005.0,1,18.0,2015.0,"Feb,May,Aug,Nov",8992.51868131859
876,877,a,c,29190.0,,,0,,,,6236.251655629228
877,878,d,c,1100.0,12.0,2014.0,0,,,,8639.386160714243
878,879,d,a,,,,1,5.0,2013.0,"Feb,May,Aug,Nov",3698.8629807692455
879,880,a,c,4570.0,,,0,,,,7280.628888888841
880,881,a,a,180.0,3.0,2008.0,1,31.0,2013.0,"Feb,May,Aug,Nov",4140.9113636363545
881,882,a,a,30.0,4.0,2013.0,0,,,,6771.752913752938
882,883,a,a,3200.0,6.0,2005.0,0,,,,4715.639380530932
883,884,d,c,7550.0,,,0,,,,5253.610047846898
884,885,a,a,480.0,12.0,2005.0,0,,,,4892.941704035873
885,886,a,c,12430.0,10.0,2004.0,0,,,,6331.189189189141
886,887,d,a,19700.0,,,1,37.0,2009.0,"Jan,Apr,Jul,Oct",6812.4875283446245
887,888,d,a,4450.0,6.0,2012.0,1,35.0,2012.0,"Mar,Jun,Sept,Dec",7534.282894736738
888,889,d,a,18670.0,12.0,2005.0,0,,,,4056.6888888888507
889,890,a,a,4450.0,,,1,14.0,2011.0,"Jan,Apr,Jul,Oct",5539.07058823528
890,891,a,c,350.0,,,1,31.0,2013.0,"Feb,May,Aug,Nov",8045.139013452887
891,892,a,a,19370.0,4.0,2002.0,0,,,,7493.7690582959885
892,893,a,a,130.0,,,1,1.0,2013.0,"Jan,Apr,Jul,Oct",6362.311904761933
893,894,a,a,190.0,11.0,2012.0,0,,,,8486.179372197339
894,895,a,c,4150.0,,,0,,,,9041.860411899243
895,896,a,c,170.0,9.0,2012.0,0,,,,6830.339955849936
896,897,c,c,3290.0,1.0,2007.0,1,5.0,2013.0,"Feb,May,Aug,Nov",3477.3258426966577
897,898,a,a,18540.0,,,0,,,,6580.104212860238
898,899,d,a,2590.0,,,1,13.0,2010.0,"Jan,Apr,Jul,Oct",5257.784269662913
899,900,a,a,3920.0,4.0,2005.0,1,40.0,2014.0,"Jan,Apr,Jul,Oct",5654.923990498773
900,901,a,c,3170.0,4.0,2014.0,0,,,,7221.8830022075845
901,902,a,a,310.0,5.0,2015.0,1,40.0,2014.0,"Jan,Apr,Jul,Oct",4991.954545454578
902,903,d,c,7290.0,9.0,2014.0,0,,,,11637.264916467735
903,904,d,c,570.0,7.0,2013.0,1,14.0,2011.0,"Jan,Apr,Jul,Oct",6028.801909307918
904,905,a,a,90.0,6.0,2014.0,0,,,,9539.787472035743
905,906,a,a,90.0,7.0,2010.0,0,,,,11144.660000000087
906,907,a,c,250.0,,,0,,,,5893.512087912154
907,908,a,a,1980.0,7.0,2010.0,1,37.0,2009.0,"Jan,Apr,Jul,Oct",4292.488938053128
908,909,a,c,1680.0,,,1,45.0,2009.0,"Feb,May,Aug,Nov",10352.831730769105
909,910,d,c,12480.0,,,1,1.0,2013.0,"Jan,Apr,Jul,Oct",5503.088888888861
910,911,a,c,16490.0,,,0,,,,9716.91536748323
911,912,c,c,3100.0,5.0,2010.0,0,,,,5647.27312775329
912,913,a,a,280.0,,,0,,,,9024.071748878832
913,914,c,c,2640.0,4.0,2011.0,1,22.0,2012.0,"Mar,Jun,Sept,Dec",9360.77124183003
914,915,d,c,650.0,3.0,2013.0,1,40.0,2014.0,"Jan,Apr,Jul,Oct",6189.559610705671
915,916,a,a,90.0,11.0,2012.0,0,,,,5296.505643340798
916,917,a,a,7240.0,2.0,2010.0,0,,,,6704.618303571387
917,918,a,c,18710.0,4.0,2015.0,0,,,,5091.206593406554
918,919,a,a,2620.0,,,1,45.0,2009.0,"Feb,May,Aug,Nov",5501.393442622892
919,920,a,a,850.0,2.0,2012.0,1,40.0,2014.0,"Jan,Apr,Jul,Oct",5413.669030732906
920,921,a,a,840.0,9.0,2006.0,0,,,,9751.886160714279
921,922,d,a,2110.0,3.0,2006.0,0,,,,7311.022075055169
922,923,a,a,280.0,9.0,2008.0,0,,,,5263.391982182694
923,924,a,a,6420.0,4.0,2011.0,1,1.0,2012.0,"Jan,Apr,Jul,Oct",4756.172489082941
924,925,c,a,470.0,3.0,2007.0,1,1.0,2012.0,"Jan,Apr,Jul,Oct",6518.217194570197
925,926,d,c,5150.0,3.0,2011.0,1,13.0,2010.0,"Jan,Apr,Jul,Oct",7026.92873051216
926,927,a,a,480.0,,,0,,,,6511.920091324147
927,928,d,c,1090.0,,,1,31.0,2013.0,"Feb,May,Aug,Nov",7883.315555555641
928,929,a,c,4820.0,9.0,2013.0,0,,,,5737.986725663757
929,930,a,a,70.0,,,0,,,,7260.479452054851
930,931,a,c,1480.0,9.0,2011.0,1,1.0,2012.0,"Jan,Apr,Jul,Oct",3526.3901960784533
931,932,a,a,15700.0,,,1,13.0,2010.0,"Jan,Apr,Jul,Oct",7361.50354609921
932,933,a,c,6270.0,2.0,2005.0,0,,,,7166.33630289522
933,934,a,c,5460.0,,,1,14.0,2011.0,"Jan,Apr,Jul,Oct",6663.965065502127
934,935,a,c,22350.0,6.0,2010.0,0,,,,5466.473214285763
935,936,a,a,580.0,2.0,2008.0,0,,,,7185.676404494334
936,937,d,a,2810.0,,,1,10.0,2014.0,"Jan,Apr,Jul,Oct",7048.422818792022
937,938,a,a,2820.0,9.0,2009.0,0,,,,9342.115299334768
938,939,d,a,1340.0,,,0,,,,5908.086666666586
939,940,d,c,6470.0,9.0,2012.0,0,,,,6967.0
940,941,a,a,1200.0,12.0,2011.0,1,31.0,2013.0,"Jan,Apr,Jul,Oct",4891.1875
941,942,d,c,6860.0,,,1,18.0,2011.0,"Jan,Apr,Jul,Oct",5861.408482142837
942,943,d,c,18020.0,,,0,,,,6787.257270693434
943,944,c,a,1670.0,7.0,2015.0,0,,,,7964.255555555577
944,945,a,c,12480.0,3.0,2011.0,0,,,,4337.270386266066
945,946,a,a,2220.0,12.0,2011.0,1,14.0,2015.0,"Jan,Apr,Jul,Oct",4216.497777777738
946,947,a,a,460.0,3.0,2014.0,1,13.0,2010.0,"Jan,Apr,Jul,Oct",8546.949771689558
947,948,b,b,1430.0,,,0,,,,6384.8550185873255
948,949,a,a,870.0,3.0,2006.0,0,,,,5367.337028824765
949,950,a,a,8460.0,11.0,1994.0,0,,,,5777.816742081512
950,951,d,c,710.0,,,1,40.0,2011.0,"Jan,Apr,Jul,Oct",7440.421978021973
951,952,d,c,6300.0,10.0,2013.0,0,,,,6672.118357487947
952,953,a,a,19830.0,4.0,2006.0,1,22.0,2011.0,"Mar,Jun,Sept,Dec",5203.946784922388
953,954,a,a,390.0,2.0,2013.0,1,10.0,2014.0,"Jan,Apr,Jul,Oct",6889.201814059043
954,955,d,c,1690.0,7.0,2009.0,1,36.0,2013.0,"Mar,Jun,Sept,Dec",4395.0088691795645
955,956,a,a,2330.0,10.0,2014.0,1,18.0,2011.0,"Feb,May,Aug,Nov",4136.947488584512
956,957,d,c,1420.0,11.0,2012.0,0,,,,7681.063596491223
957,958,a,a,440.0,11.0,2013.0,0,,,,4399.993288590583
958,959,a,c,1060.0,12.0,2005.0,0,,,,6980.189845474554
959,960,d,a,8990.0,,,1,31.0,2009.0,"Feb,May,Aug,Nov",6534.782997762811
960,961,d,c,9430.0,,,0,,,,6434.087248322114
961,962,c,a,260.0,,,0,,,,6539.253393665082
962,963,a,c,23620.0,11.0,2013.0,0,,,,10516.225663716885
963,964,a,a,270.0,,,1,5.0,2013.0,"Feb,May,Aug,Nov",9860.296551724037
964,965,a,c,110.0,,,0,,,,8413.378555798801
965,966,a,a,760.0,2.0,2008.0,0,,,,4734.26410835218
966,967,a,c,3560.0,9.0,2013.0,1,36.0,2013.0,"Jan,Apr,Jul,Oct",8917.390243902435
967,968,c,a,1190.0,,,0,,,,7013.097995545707
968,969,a,c,600.0,11.0,1999.0,1,10.0,2013.0,"Jan,Apr,Jul,Oct",3212.01173708919
969,970,a,a,910.0,12.0,2014.0,1,37.0,2009.0,"Jan,Apr,Jul,Oct",3369.8957871396688
970,971,c,a,1140.0,5.0,2011.0,1,14.0,2012.0,"Mar,Jun,Sept,Dec",8041.135555555548
971,972,a,a,14960.0,,,0,,,,3408.054830287177
972,973,d,c,330.0,,,1,28.0,2012.0,"Jan,Apr,Jul,Oct",5814.395033860084
973,974,a,a,150.0,3.0,2011.0,1,40.0,2014.0,"Jan,Apr,Jul,Oct",11218.585308056947
974,975,a,c,9630.0,,,1,14.0,2011.0,"Jan,Apr,Jul,Oct",7706.022172948932
975,976,a,a,4180.0,,,0,,,,6913.597285067787
976,977,a,a,520.0,9.0,2005.0,1,13.0,2010.0,"Jan,Apr,Jul,Oct",4859.562647754147
977,978,c,c,3890.0,,,0,,,,6931.452702702612
978,979,a,c,2270.0,11.0,2005.0,1,14.0,2011.0,"Jan,Apr,Jul,Oct",6001.5143487858595
979,980,a,a,4420.0,9.0,2005.0,0,,,,7066.288248336973
980,981,d,c,2620.0,11.0,2002.0,0,,,,7187.423423423431
981,982,d,a,21930.0,,,0,,,,7879.737885462555
982,983,a,a,40.0,3.0,2014.0,1,1.0,2014.0,"Jan,Apr,Jul,Oct",11171.88116591919
983,984,c,a,440.0,,,1,1.0,2013.0,"Jan,Apr,Jul,Oct",5828.686666666644
984,985,c,c,490.0,5.0,2007.0,1,13.0,2010.0,"Jan,Apr,Jul,Oct",8199.710176991213
985,986,a,a,620.0,10.0,2014.0,1,18.0,2014.0,"Feb,May,Aug,Nov",6831.107305936052
986,987,c,a,1690.0,6.0,2007.0,0,,,,6810.184615384684
987,988,a,a,30.0,11.0,2012.0,0,,,,4735.050772626895
988,989,a,a,1640.0,6.0,2006.0,1,40.0,2011.0,"Jan,Apr,Jul,Oct",5196.374117647009
989,990,d,a,20930.0,,,0,,,,6322.9030837003575
990,991,a,a,1010.0,,,0,,,,5648.124444444512
991,992,a,a,2480.0,7.0,1990.0,0,,,,5803.269230769165
992,993,d,c,3460.0,10.0,2013.0,1,10.0,2014.0,"Jan,Apr,Jul,Oct",7464.453539823087
993,994,a,a,2290.0,7.0,2011.0,1,1.0,2012.0,"Jan,Apr,Jul,Oct",4277.6517857142835
994,995,d,a,6560.0,12.0,2013.0,0,,,,8926.52106430158
995,996,c,a,2870.0,7.0,2015.0,1,13.0,2010.0,"Jan,Apr,Jul,Oct",6226.692482915708
996,997,d,c,5840.0,7.0,2010.0,1,37.0,2009.0,"Jan,Apr,Jul,Oct",5190.055928411594
997,998,a,a,780.0,9.0,2005.0,1,5.0,2013.0,"Feb,May,Aug,Nov",4251.361797752794
998,999,d,c,15140.0,2.0,2002.0,1,37.0,2009.0,"Jan,Apr,Jul,Oct",9085.70198675495
999,1000,a,c,2230.0,5.0,2009.0,1,40.0,2014.0,"Jan,Apr,Jul,Oct",7493.653206650751
1000,1001,c,a,19640.0,,,1,14.0,2011.0,"Jan,Apr,Jul,Oct",5221.247191011275
1001,1002,d,c,1130.0,11.0,2008.0,0,,,,5817.544857768016
1002,1003,a,a,170.0,7.0,2013.0,1,27.0,2013.0,"Jan,Apr,Jul,Oct",7528.13245033109
1003,1004,d,c,970.0,,,1,9.0,2011.0,"Mar,Jun,Sept,Dec",5003.5552941176065
1004,1005,a,a,6480.0,,,0,,,,6154.237777777833
1005,1006,c,c,3890.0,11.0,2006.0,1,5.0,2013.0,"Feb,May,Aug,Nov",6050.701754386036
1006,1007,c,c,4180.0,9.0,2012.0,0,,,,6708.583700440463
1007,1008,a,c,30.0,9.0,2010.0,0,,,,5167.881057268775
1008,1009,a,a,230.0,7.0,2004.0,1,10.0,2014.0,"Jan,Apr,Jul,Oct",4731.0827423167975
1009,1010,d,c,4610.0,6.0,2010.0,1,18.0,2010.0,"Feb,May,Aug,Nov",8509.952380952418
1010,1011,a,c,490.0,9.0,2012.0,1,18.0,2011.0,"Feb,May,Aug,Nov",7979.224256292915
1011,1012,d,c,6330.0,6.0,2004.0,1,39.0,2010.0,"Jan,Apr,Jul,Oct",6082.894117647
1012,1013,a,a,630.0,2.0,2015.0,1,31.0,2013.0,"Feb,May,Aug,Nov",4002.890134529169
1013,1014,a,c,210.0,,,1,31.0,2013.0,"Jan,Apr,Jul,Oct",12234.804932735578
1014,1015,d,c,9910.0,12.0,2010.0,1,9.0,2011.0,"Mar,Jun,Sept,Dec",5849.684684684641
1015,1016,c,c,550.0,,,1,35.0,2010.0,"Mar,Jun,Sept,Dec",5227.707207207144
1016,1017,c,a,110.0,11.0,2008.0,0,,,,7327.414414414321
1017,1018,c,c,140.0,9.0,2012.0,0,,,,11716.560706401882
1018,1019,d,c,2740.0,7.0,2014.0,1,13.0,2010.0,"Jan,Apr,Jul,Oct",9213.33886255922
1019,1020,a,a,40.0,8.0,2015.0,0,,,,9221.539130434749
1020,1021,a,a,1080.0,5.0,2011.0,0,,,,8712.925339366408
1021,1022,a,c,1520.0,,,0,,,,7109.178571428614
1022,1023,c,a,3740.0,2.0,2002.0,1,14.0,2011.0,"Jan,Apr,Jul,Oct",6203.736956521763
1023,1024,c,c,1990.0,1.0,2012.0,0,,,,6075.317673378129
1024,1025,a,a,720.0,11.0,2009.0,0,,,,7460.777027027106
1025,1026,c,a,450.0,6.0,2011.0,1,48.0,2012.0,"Mar,Jun,Sept,Dec",9393.66079295149
1026,1027,a,c,190.0,6.0,2008.0,1,40.0,2011.0,"Jan,Apr,Jul,Oct",13022.480093676666
1027,1028,a,a,150.0,,,1,31.0,2013.0,"Jan,Apr,Jul,Oct",4523.369230769252
1028,1029,a,a,1590.0,3.0,2006.0,0,,,,5349.617647058799
1029,1030,a,a,36410.0,4.0,2008.0,0,,,,3585.9282511210213
1030,1031,d,a,590.0,5.0,2001.0,0,,,,4778.21555555561
1031,1032,d,c,270.0,2.0,2013.0,1,40.0,2012.0,"Jan,Apr,Jul,Oct",9054.087145969368
1032,1033,a,a,7680.0,3.0,2006.0,0,,,,13699.430155210452
1033,1034,a,a,13750.0,4.0,2015.0,0,,,,6381.432735425989
1034,1035,a,a,27150.0,,,0,,,,4876.2759381898795
1035,1036,d,c,9560.0,,,1,36.0,2013.0,"Jan,Apr,Jul,Oct",4772.834080717517
1036,1037,a,c,150.0,,,0,,,,6979.029147982107
1037,1038,d,a,17290.0,10.0,2013.0,0,,,,5947.464285714235
1038,1039,a,c,70.0,6.0,1990.0,1,22.0,2012.0,"Mar,Jun,Sept,Dec",7972.3890160182555
1039,1040,a,a,4030.0,2.0,2013.0,1,10.0,2014.0,"Jan,Apr,Jul,Oct",8577.129955947092
1040,1041,c,a,1600.0,8.0,2013.0,1,40.0,2014.0,"Jan,Apr,Jul,Oct",6069.189573459762
1041,1042,a,a,3440.0,,,1,31.0,2013.0,"Feb,May,Aug,Nov",4086.795045045033
1042,1043,c,a,420.0,3.0,2006.0,0,,,,8934.915717539914
1043,1044,c,a,240.0,4.0,2015.0,1,13.0,2010.0,"Jan,Apr,Jul,Oct",6599.132882882847
1044,1045,a,c,26990.0,12.0,2013.0,0,,,,7349.46484375
1045,1046,d,c,29070.0,4.0,2005.0,0,,,,8374.821428571433
1046,1047,a,a,3750.0,,,1,45.0,2009.0,"Feb,May,Aug,Nov",4832.90271493216
1047,1048,d,c,1860.0,9.0,2012.0,1,40.0,2012.0,"Jan,Apr,Jul,Oct",6546.555798687049
1048,1049,a,a,370.0,7.0,2012.0,1,14.0,2011.0,"Jan,Apr,Jul,Oct",3992.349881796647
1049,1050,d,c,13170.0,8.0,2014.0,1,9.0,2011.0,"Mar,Jun,Sept,Dec",7315.570806100145
1050,1051,c,a,200.0,7.0,1998.0,1,1.0,2012.0,"Jan,Apr,Jul,Oct",7270.076923076971
1051,1052,a,c,5080.0,,,1,31.0,2013.0,"Feb,May,Aug,Nov",7168.545045045107
1052,1053,a,a,1710.0,7.0,2015.0,0,,,,8865.544843049345
1053,1054,a,c,13190.0,,,1,45.0,2013.0,"Feb,May,Aug,Nov",5845.745054945004
1054,1055,c,a,1980.0,4.0,2009.0,0,,,,7854.200883002125
1055,1056,d,c,5350.0,,,1,40.0,2012.0,"Jan,Apr,Jul,Oct",3572.810551558792
1056,1057,d,c,3230.0,11.0,2011.0,0,,,,6276.881318681374
1057,1058,a,c,180.0,,,1,35.0,2010.0,"Mar,Jun,Sept,Dec",7131.7688888888815
1058,1059,c,a,3380.0,4.0,2013.0,0,,,,8150.38495575222
1059,1060,a,c,3430.0,,,1,31.0,2013.0,"Feb,May,Aug,Nov",7200.625835189243
1060,1061,d,c,8110.0,,,0,,,,6872.701559020103
1061,1062,d,a,190.0,9.0,2012.0,1,40.0,2012.0,"Feb,May,Aug,Nov",6396.769911504378
1062,1063,a,c,6250.0,,,0,,,,4049.409190372045
1063,1064,a,c,420.0,,,0,,,,9224.395033860008
1064,1065,a,a,1290.0,,,1,35.0,2011.0,"Mar,Jun,Sept,Dec",4158.246445497665
1065,1066,a,a,3350.0,,,0,,,,11150.132450331063
1066,1067,d,c,12020.0,7.0,2009.0,0,,,,5577.23515439436
1067,1068,d,c,5010.0,,,1,5.0,2013.0,"Jan,Apr,Jul,Oct",4262.0678733031555
1068,1069,a,c,18050.0,,,1,14.0,2011.0,"Jan,Apr,Jul,Oct",6111.991071428611
1069,1070,c,c,400.0,10.0,2008.0,0,,,,6845.635535307573
1070,1071,a,a,820.0,3.0,2012.0,1,35.0,2012.0,"Mar,Jun,Sept,Dec",5933.273137697492
1071,1072,a,c,5380.0,8.0,2015.0,1,5.0,2010.0,"Feb,May,Aug,Nov",6619.140659340658
1072,1073,a,c,1710.0,,,1,44.0,2012.0,"Jan,Apr,Jul,Oct",6816.904231625736
1073,1074,c,c,3330.0,10.0,2001.0,1,14.0,2011.0,"Jan,Apr,Jul,Oct",4988.449115044273
1074,1075,a,c,1410.0,10.0,2013.0,0,,,,11434.550884955634
1075,1076,a,c,90.0,,,1,1.0,2013.0,"Jan,Apr,Jul,Oct",3360.829545454574
1076,1077,a,a,3750.0,11.0,2001.0,1,35.0,2010.0,"Mar,Jun,Sept,Dec",4369.880898876393
1077,1078,d,c,670.0,,,1,40.0,2011.0,"Jan,Apr,Jul,Oct",6340.0022471910315
1078,1079,a,a,16680.0,,,1,37.0,2009.0,"Jan,Apr,Jul,Oct",8827.049661399496
1079,1080,a,a,2410.0,,,1,40.0,2014.0,"Jan,Apr,Jul,Oct",9974.809976247116
1080,1081,b,a,400.0,3.0,2006.0,0,,,,5958.361930294895
1081,1082,c,a,440.0,4.0,2002.0,0,,,,7041.746136865236
1082,1083,d,c,11540.0,,,1,5.0,2013.0,"Feb,May,Aug,Nov",4738.302428256083
1083,1084,a,a,190.0,,,1,13.0,2010.0,"Jan,Apr,Jul,Oct",6302.705752212442
1084,1085,c,a,4030.0,2.0,2015.0,0,,,,7676.265625
1085,1086,a,a,180.0,11.0,2013.0,1,18.0,2011.0,"Feb,May,Aug,Nov",8661.52455357144
1086,1087,d,c,2210.0,11.0,2011.0,0,,,,6082.085714285727
1087,1088,a,a,4300.0,3.0,2009.0,1,27.0,2013.0,"Jan,Apr,Jul,Oct",4941.281179138325
1088,1089,d,a,5220.0,5.0,2009.0,0,,,,10001.807174887841
1089,1090,a,a,330.0,,,1,14.0,2011.0,"Jan,Apr,Jul,Oct",6331.37303370793
1090,1091,a,c,9990.0,,,0,,,,8035.087912087909
1091,1092,a,a,300.0,7.0,2000.0,1,40.0,2014.0,"Jan,Apr,Jul,Oct",11703.472813238686
1092,1093,c,c,10450.0,6.0,2009.0,0,,,,8126.536105032909
1093,1094,d,a,2380.0,3.0,2013.0,1,40.0,2014.0,"Jan,Apr,Jul,Oct",4436.55769230771
1094,1095,a,a,690.0,6.0,2007.0,1,14.0,2011.0,"Jan,Apr,Jul,Oct",4680.142538975469
1095,1096,a,c,1130.0,,,1,10.0,2014.0,"Mar,Jun,Sept,Dec",5054.395555555518
1096,1097,b,b,720.0,3.0,2002.0,0,,,,9396.216266173846
1097,1098,a,a,1830.0,11.0,2004.0,0,,,,5215.247787610627
1098,1099,a,c,200.0,4.0,2013.0,1,14.0,2013.0,"Jan,Apr,Jul,Oct",7731.167652859918
1099,1100,a,a,540.0,,,1,14.0,2011.0,"Jan,Apr,Jul,Oct",5562.270454545495
1100,1101,d,c,4060.0,9.0,2012.0,0,,,,9719.175946547919
1101,1102,a,a,850.0,11.0,2012.0,1,40.0,2014.0,"Jan,Apr,Jul,Oct",6983.674757281651
1102,1103,d,c,1340.0,10.0,2006.0,1,5.0,2013.0,"Feb,May,Aug,Nov",4592.242825607028
1103,1104,d,a,260.0,2.0,2012.0,1,14.0,2011.0,"Jan,Apr,Jul,Oct",5470.799528301853
1104,1105,c,c,330.0,11.0,2008.0,1,5.0,2013.0,"Feb,May,Aug,Nov",4128.313769751693
1105,1106,a,c,5330.0,9.0,2011.0,1,31.0,2013.0,"Jan,Apr,Jul,Oct",4772.665924276213
1106,1107,a,a,1400.0,6.0,2012.0,1,13.0,2010.0,"Jan,Apr,Jul,Oct",6212.93779904303
1107,1108,a,a,540.0,4.0,2004.0,0,,,,5618.136263736209
1108,1109,c,a,3490.0,4.0,2011.0,1,22.0,2012.0,"Jan,Apr,Jul,Oct",4901.959619952506
1109,1110,c,c,900.0,9.0,2010.0,0,,,,4328.794183445167
1110,1111,a,a,1900.0,6.0,2014.0,1,31.0,2013.0,"Jan,Apr,Jul,Oct",5431.933628318525
1111,1112,c,c,1880.0,4.0,2006.0,0,,,,10945.093541202761
1112,1113,a,c,9260.0,,,0,,,,6489.384279476007
1113,1114,a,c,870.0,,,0,,,,20200.98886414246
1114,1115,d,c,5350.0,,,1,22.0,2012.0,"Mar,Jun,Sept,Dec",5842.727472527427
